answers_count;answer_uid;date_time;time_difference;time_difference_rank;solution;len;len_rank;wordcount;wordcount_rank;avg_chars_per_word;avg_chars_per_word_rank;sentences;sentences_rank;avg_words_per_sentence;avg_words_per_sentence_rank;longest_sentence;longest_sentence_rank;loglikelihood;loglikelihood_ascending_rank;F-K;F-K_ascending_rank;upvotes;upvotes_rank;has_links
1;1322.1;05/06/2015 16:04;36720.0;1;False;65;1;10;1;6.50;1;2;1;5.00;1;8;1;0.01;1;175.16;1;0;1;False
1;1346.1;09/06/2015 14:36;47820.0;1;False;210;1;38;1;5.53;1;2;1;19.00;1;24;1;0.06;1;416.62000000000006;1;0;1;False
3;1348.1;09/06/2015 14:28;17220.0;1;False;689;1;122;1;5.65;3;10;1;12.20;3;33;1;0.39;3;1841.7680000000003;3;0;2;False
3;1348.2;09/06/2015 14:31;17400.0;2;False;200;3;34;3;5.88;2;2;3;17.00;1;28;3;0.05;1;557.44;1;0;2;False
3;1348.3;09/06/2015 16:20;23940.0;3;False;365;2;61;2;5.98;1;4;2;15.25;2;29;2;0.10;2;993.3575000000001;2;1;1;False
5;1345.1;09/06/2015 14:38;48300.0;1;False;242;3;40;2;6.05;2;2;2;20.00;1;22;2;0.09;3;594.01;3;0;4;False
5;1345.2;09/06/2015 14:55;49320.0;2;False;254;2;49;1;5.18;5;3;1;16.33;3;25;1;0.10;5;698.7787;4;0;4;False
5;1345.3;09/06/2015 16:02;53340.0;3;True;256;1;39;3;6.56;1;2;2;19.50;2;20;3;0.09;3;723.615;5;1;1;False
5;1345.4;10/06/2015 01:21;2592480.0;4;False;48;4;8;4;6.00;3;2;2;4.00;4;4;4;0.01;2;92.17;2;1;1;False
5;1345.5;10/06/2015 19:31;2657880.0;5;False;24;5;4;5;6.00;3;1;5;4.00;4;4;4;0.00;1;56.77000000000001;1;1;1;False
4;1225.1;04/05/2015 19:31;900.0;1;False;59;4;9;4;6.56;1;1;4;9.00;4;9;4;0.01;1;153.12;1;0;2;False
4;1225.2;04/05/2015 19:43;1620.0;2;False;372;1;58;2;6.41;2;4;1;14.50;3;24;2;0.11;3;1016.6650000000001;3;0;2;False
4;1225.3;04/05/2015 20:21;3900.0;3;False;369;2;64;1;5.77;3;3;2;21.33;1;32;1;0.17;4;1066.5287;4;1;1;False
4;1225.4;04/05/2015 20:29;4380.0;4;False;209;3;41;3;5.10;4;2;3;20.50;2;21;3;0.06;2;594.205;2;0;2;False
1;1227.1;05/05/2015 19:45;1260.0;1;False;381;1;70;1;5.44;1;3;1;23.33;1;39;1;0.18;1;1031.9087000000002;1;1;1;False
4;1030.1;02/03/2015 22:22;2220.0;1;True;856;1;145;1;5.90;2;7;1;20.71;2;44;1;0.75;4;2517.6869;4;0;2;False
4;1030.2;04/03/2015 21:16;5095860.0;2;False;448;2;77;2;5.82;4;5;2;15.40;3;40;2;0.23;3;1241.2160000000003;3;0;2;False
4;1030.3;04/03/2015 21:31;5096760.0;3;False;329;3;56;3;5.88;3;4;3;14.00;4;29;3;0.11;2;933.87;2;1;1;False
4;1030.4;04/03/2015 22:53;5101680.0;4;False;181;4;28;4;6.46;1;1;4;28.00;1;28;4;0.05;1;526.3299999999999;1;0;2;False
7;1028.1;02/03/2015 20:38;3600.0;1;False;254;4;41;6;6.20;2;3;3;13.67;6;26;5;0.07;2;733.1413000000001;4;0;2;False
7;1028.2;02/03/2015 21:47;7740.0;2;False;254;4;48;3;5.29;6;3;3;16.00;4;41;2;0.13;5;639.65;1;0;2;False
7;1028.3;04/03/2015 20:47;5101740.0;3;False;251;6;39;7;6.44;1;3;3;13.00;7;18;7;0.06;1;662.08;2;0;2;True
7;1028.4;04/03/2015 22:32;5108040.0;4;False;844;1;143;1;5.90;4;7;1;20.43;3;35;3;0.36;6;2399.5777000000003;7;0;2;False
7;1028.5;04/03/2015 23:37;5111940.0;5;False;279;3;46;4;6.07;3;2;7;23.00;2;35;3;0.07;2;819.38;5;0;2;False
7;1028.6;05/03/2015 02:01;7626180.0;6;True;686;2;132;2;5.20;7;5;2;26.40;1;56;1;0.44;7;1764.7060000000001;6;1;1;False
7;1028.7;05/03/2015 17:17;7681140.0;7;False;247;7;44;5;5.61;5;3;3;14.67;5;26;5;0.09;4;686.3313;3;0;2;False
3;523.1;12/11/2014 21:08;9662640.0;1;False;41;2;8;2;5.12;2;1;2;8.00;2;8;2;0.01;2;105.53;2;1;1;False
3;523.2;02/02/2015 21:58;14244840.0;2;False;9;3;2;3;4.50;3;1;2;2.00;3;2;3;0.00;1;8.790000000000003;1;1;1;False
3;523.3;11/03/2015 18:26;37905720.0;3;False;187;1;32;1;5.84;1;3;1;10.67;1;16;1;0.04;3;531.3713;3;1;1;False
7;1099.1;27/03/2015 13:47;65460.0;1;False;254;6;40;6;6.35;3;4;5;10.00;6;21;5;0.10;2;590.11;2;1;2;True
7;1099.2;27/03/2015 14:44;68880.0;2;False;506;4;66;5;7.67;1;3;6;22.00;2;42;1;0.14;3;1373.5900000000001;4;0;4;True
7;1099.3;27/03/2015 15:38;72120.0;3;False;436;5;82;4;5.32;7;6;3;13.67;5;20;6;0.25;4;1216.9413000000002;3;2;1;False
7;1099.4;27/03/2015 19:52;87360.0;4;False;668;3;114;3;5.86;6;6;3;19.00;3;28;4;0.45;5;1986.0200000000002;5;0;4;False
7;1099.5;30/03/2015 13:50;324840.0;5;False;974;1;161;1;6.05;4;7;2;23.00;1;36;2;0.80;7;2813.58;7;0;4;False
7;1099.6;30/03/2015 14:29;327180.0;6;True;869;2;148;2;5.87;5;8;1;18.50;4;34;3;0.60;6;2422.425;6;0;4;False
7;1099.7;01/04/2015 16:23;7009980.0;7;False;119;7;16;7;7.44;2;3;6;5.33;7;10;7;0.02;1;293.28870000000006;1;1;2;False
4;1119.1;02/04/2015 21:38;1500.0;1;False;358;1;60;1;5.97;3;3;2;20.00;1;25;1;0.18;4;1066.01;4;0;3;False
4;1119.2;02/04/2015 21:51;2280.0;2;False;193;4;32;4;6.03;2;3;2;10.67;3;21;3;0.05;1;578.5713;2;0;3;False
4;1119.3;03/04/2015 20:04;2415060.0;3;True;235;3;38;3;6.18;1;4;1;9.50;4;15;4;0.07;3;578.115;1;1;1;False
4;1119.4;03/04/2015 20:39;2417160.0;4;False;252;2;46;2;5.48;4;3;2;15.33;2;24;2;0.06;2;698.3887;3;1;1;False
2;1129.1;07/04/2015 14:37;2565060.0;1;True;362;1;67;1;5.40;2;4;1;16.75;1;25;1;0.19;2;993.9425000000001;2;0;2;False
2;1129.2;07/04/2015 15:39;2568780.0;2;False;144;2;23;2;6.26;1;4;1;5.75;2;10;2;0.02;1;387.8525000000001;1;1;1;False
5;1131.1;07/04/2015 15:22;42600.0;1;False;1171;2;211;1;5.55;4;9;1;23.44;2;31;3;1.56;5;3309.3516;5;0;2;False
5;1131.2;07/04/2015 18:57;55500.0;2;False;1438;1;180;2;7.99;1;7;2;25.71;1;65;1;0.65;4;3263.0369;4;0;2;False
5;1131.3;08/04/2015 18:32;2732400.0;3;False;412;3;72;3;5.72;3;5;3;14.40;3;35;2;0.16;3;1134.6260000000002;3;2;1;False
5;1131.4;08/04/2015 19:55;2737380.0;4;True;301;4;50;4;6.02;2;4;4;12.50;4;26;5;0.10;2;791.6850000000001;2;0;2;False
5;1131.5;08/04/2015 20:01;2737740.0;5;False;248;5;45;5;5.51;5;4;4;11.25;5;29;4;0.08;1;696.7975;1;0;2;False
3;1156.1;15/04/2015 13:35;207780.0;1;True;801;1;139;1;5.76;2;7;1;19.86;2;39;2;0.82;3;2104.3554;3;0;2;False
3;1156.2;15/04/2015 19:13;228060.0;2;False;646;2;117;2;5.52;3;5;2;23.40;1;42;1;0.44;2;1692.736;2;1;1;False
3;1156.3;16/04/2015 01:56;252240.0;3;False;504;3;86;3;5.86;1;5;2;17.20;3;32;3;0.19;1;1536.9180000000003;1;0;2;False
5;1071.1;18/03/2015 18:30;20160.0;1;False;352;1;53;2;6.64;2;3;1;17.67;3;21;3;0.11;3;1076.9013000000002;5;1;1;False
5;1071.2;18/03/2015 19:07;22380.0;2;False;234;4;25;4;9.36;1;2;4;12.50;5;19;4;0.03;2;638.285;2;0;2;True
5;1071.3;19/03/2015 11:26;81120.0;3;False;291;3;46;3;6.33;3;3;1;15.33;4;36;1;0.12;4;721.9887;3;0;2;True
5;1071.4;19/03/2015 11:28;81240.0;4;False;97;5;18;5;5.39;4;1;5;18.00;2;18;5;0.02;1;215.63000000000002;1;0;2;False
5;1071.5;23/03/2015 02:40;395160.0;5;False;346;2;68;1;5.09;5;3;1;22.67;1;24;2;0.19;5;890.0513000000001;4;0;2;False
2;1199.1;24/04/2015 22:37;2640.0;1;True;574;1;97;2;5.92;1;6;2;16.17;1;29;2;0.20;1;1607.3163000000002;2;0;2;False
2;1199.2;24/04/2015 23:43;6600.0;2;False;574;1;108;1;5.31;2;8;1;13.50;2;39;1;0.41;2;1547.2750000000003;1;1;1;False
10;699.1;09/11/2014 18:24;1440.0;1;False;237;8;40;8;5.92;3;4;4;10.00;8;14;8;0.05;3;625.51;4;1;1;False
10;699.2;09/11/2014 19:07;4020.0;2;False;37;10;8;10;4.62;10;1;9;8.00;9;8;9;0.01;1;105.53;1;1;1;False
10;699.3;11/11/2014 11:25;5246700.0;3;False;53;9;9;9;5.89;4;2;7;4.50;10;5;10;0.01;1;127.76500000000001;2;0;5;False
10;699.4;12/11/2014 02:30;7806600.0;7;False;388;4;71;4;5.46;6;7;3;10.14;7;20;7;0.17;7;920.5646;7;1;1;False
10;699.5;12/11/2014 09:34;7832040.0;8;False;254;6;51;5;4.98;9;4;4;12.75;6;27;5;0.13;6;685.5825;5;0;5;False
10;699.6;12/11/2014 23:25;7881900.0;9;False;1730;1;297;1;5.82;5;12;1;24.75;2;66;2;1.68;10;4784.8625;10;0;5;False
10;699.7;13/11/2014 04:45;5395500.0;4;False;1462;2;193;2;7.58;1;9;2;21.44;4;45;3;0.84;9;3945.7716000000005;9;0;5;True
10;699.8;19/11/2014 05:37;5917020.0;5;False;495;3;83;3;5.96;2;1;9;83.00;1;83;1;0.20;8;1609.78;8;0;5;False
10;699.9;20/11/2014 15:55;6040500.0;6;False;238;7;45;7;5.29;8;2;7;22.50;3;25;6;0.11;4;618.585;3;0;5;False
10;699.10;30/04/2015 05:36;19913760.0;10;False;270;5;50;6;5.40;7;3;6;16.67;5;33;4;0.11;4;698.9113;6;1;1;False
1;1245.1;05/15/2015 17:21;16380.0;1;False;1141;1;185;1;6.17;1;10;1;18.50;1;33;1;0.85;1;3272.025;1;0;1;True
2;1258.1;22/05/2015 17:16;20820.0;1;False;1545;1;248;1;6.23;2;15;1;16.53;2;28;2;1.95;2;4368.6567000000005;2;1;1;False
2;1258.2;23/05/2015 05:29;64800.0;2;False;953;2;83;2;11.48;1;5;2;16.60;1;42;1;0.18;1;1985.084;1;0;2;False
1;1266.1;24/05/2015 22:36;26820.0;1;False;594;1;110;1;5.40;1;8;1;13.75;1;37;1;0.24;1;1688.9725;1;0;1;False
4;1265.1;24/05/2015 16:47;69600.0;1;False;528;2;80;3;6.60;1;3;2;26.67;3;39;2;0.19;3;1422.6113000000003;3;0;3;False
4;1265.2;24/05/2015 22:30;90180.0;2;True;696;1;132;1;5.27;3;11;1;12.00;4;36;3;0.39;4;1900.6900000000003;4;1;2;False
4;1265.3;25/05/2015 03:26;107940.0;3;False;460;3;83;2;5.54;2;3;2;27.67;1;60;1;0.17;2;1222.4013000000002;2;0;3;False
4;1265.4;25/05/2015 03:28;108060.0;4;False;128;4;27;4;4.74;4;1;4;27.00;2;27;4;0.04;1;337.14000000000004;1;2;1;False
1;1272.1;27/05/2015 19:30;70680.0;1;False;2040;1;355;1;5.75;1;18;1;19.72;1;34;1;3.53;1;5785.9008;1;0;1;False
2;1291.1;01/06/2015 19:11;2460.0;1;True;754;1;103;1;7.32;1;6;1;17.17;1;36;1;0.24;2;1548.7063000000003;2;0;2;False
2;1291.2;01/06/2015 19:54;5040.0;2;False;270;2;48;2;5.62;2;5;2;9.60;2;18;2;0.11;1;684.354;1;1;1;False
11;457.1;08/07/2014 13:33;2652480.0;1;False;175;10;33;10;5.30;11;2;9;16.50;6;17;8;0.06;3;462.845;2;0;1;False
11;457.2;08/07/2014 14:01;2654160.0;2;False;298;8;51;7;5.84;10;6;2;8.50;10;16;10;0.14;7;766.5250000000001;4;0;1;False
11;457.3;08/07/2014 14:29;2655840.0;3;False;517;4;77;4;6.71;5;6;2;12.83;7;20;6;0.18;8;1558.8137000000002;8;0;1;False
11;457.4;08/07/2014 15:31;2659560.0;4;False;731;3;115;3;6.36;7;6;2;19.17;5;40;4;0.41;10;1891.6863000000003;9;0;1;False
11;457.5;08/07/2014 18:36;2670660.0;5;False;1016;2;159;2;6.39;6;3;7;53.00;1;112;2;0.38;9;2294.28;10;0;1;False
11;457.6;08/07/2014 19:04;2672340.0;6;False;1774;1;172;1;10.31;1;8;1;21.50;3;124;1;0.45;11;4311.595;11;0;1;True
11;457.7;04/08/2014 23:24;7766460.0;8;False;254;9;41;9;6.20;9;4;5;10.25;9;17;8;0.06;3;649.2075;3;0;1;False
11;457.8;12/08/2014 15:49;13287840.0;9;False;369;6;47;8;7.85;2;4;5;11.75;8;20;6;0.05;2;1003.7925;5;0;1;False
11;457.9;12/08/2014 20:39;13305240.0;10;False;86;11;12;11;7.17;3;2;9;6.00;11;6;11;0.01;1;187.35000000000002;1;0;1;True
11;457.10;14/08/2014 15:10;3263100.0;7;False;477;5;67;5;7.12;4;2;9;33.50;2;45;3;0.13;5;1177.4750000000001;7;0;1;False
11;457.11;02/06/2015 00:22;18416220.0;11;False;362;7;58;6;6.24;8;3;7;19.33;4;29;5;0.13;5;1053.9487000000001;6;0;1;False
4;282.1;19/12/2014 01:09;20177700.0;1;False;1292;1;184;1;7.02;2;5;1;36.80;1;85;1;0.82;4;3550.562;4;1;3;True
4;282.2;11/01/2015 04:01;47576820.0;4;False;198;3;36;3;5.50;4;2;3;18.00;3;25;3;0.10;2;534.23;2;2;1;False
4;282.3;03/06/2015 16:04;26884200.0;2;True;645;2;81;2;7.96;1;4;2;20.25;2;36;2;0.13;3;1667.9075000000003;3;0;4;False
4;282.4;05/06/2015 00:51;32099820.0;3;False;57;4;10;4;5.70;3;2;3;5.00;4;5;4;0.01;1;127.96000000000001;1;2;1;False
5;887.1;22/01/2015 15:22;38100.0;1;False;458;5;90;4;5.09;5;5;5;18.00;2;32;3;0.31;2;1372.0300000000002;1;0;2;False
5;887.2;23/01/2015 11:28;110460.0;2;False;554;4;86;5;6.44;1;8;3;10.75;5;17;5;0.19;1;1687.8025000000002;2;1;1;False
5;887.3;24/01/2015 01:46;161940.0;3;False;907;2;170;2;5.34;4;12;1;14.17;4;33;2;0.98;5;2397.1363;3;0;2;False
5;887.4;26/01/2015 19:15;397680.0;4;True;875;3;150;3;5.83;2;6;4;25.00;1;31;4;0.61;3;2448.56;4;0;2;False
5;887.5;26/01/2015 20:28;402060.0;5;False;999;1;178;1;5.61;3;10;2;17.80;3;38;1;0.67;4;2776.152;5;0;2;False
5;912.1;01/02/2015 22:35;1620.0;1;False;1441;1;206;3;7.00;1;6;5;34.33;1;76;2;0.68;1;3679.3987;3;0;2;True
5;912.2;01/02/2015 23:01;3180.0;2;False;1439;2;249;1;5.78;3;12;3;20.75;2;82;1;1.45;4;3910.1025000000004;5;0;2;True
5;912.3;02/02/2015 07:34;2625960.0;3;False;1016;4;164;5;6.20;2;8;4;20.50;3;53;3;0.75;2;2800.805;2;0;2;True
5;912.4;02/02/2015 21:06;2674680.0;4;False;918;5;174;4;5.28;5;15;1;11.60;5;21;5;1.06;3;2525.9339999999997;1;0;2;False
5;912.5;03/02/2015 13:09;5065260.0;5;False;1398;3;243;2;5.75;4;15;1;16.20;4;36;4;1.71;5;3813.9280000000003;4;2;1;True
4;913.1;02/02/2015 14:48;28080.0;1;True;804;1;134;1;6.00;2;8;1;16.75;1;29;1;0.57;4;2339.1425;4;0;1;False
4;913.2;02/02/2015 21:10;51000.0;2;False;436;2;82;2;5.32;4;6;2;13.67;2;28;2;0.27;3;1181.5413000000003;3;0;1;False
4;913.3;03/02/2015 12:52;2440320.0;3;False;192;4;34;3;5.65;3;3;3;11.33;3;24;3;0.06;2;484.42870000000005;1;0;1;False
4;913.4;03/02/2015 15:25;2449500.0;4;False;198;3;31;4;6.39;1;3;3;10.33;4;19;4;0.04;1;578.4386999999999;2;0;1;False
2;917.1;03/02/2015 12:49;2388780.0;1;False;83;1;12;1;6.92;2;2;1;6.00;1;9;1;0.01;2;222.75;2;0;1;False
2;917.2;03/02/2015 16:04;2400480.0;2;False;11;2;1;2;11.00;1;1;2;1.00;2;1;2;0.00;1;20.200000000000006;1;0;1;False
7;908.1;30/01/2015 16:18;19020.0;1;True;475;1;65;2;7.31;1;5;1;13.00;5;19;4;0.11;5;1263.88;7;0;1;True
7;908.2;30/01/2015 16:56;21300.0;2;False;45;7;8;7;5.62;5;2;4;4.00;7;5;7;0.01;1;103.97;1;0;1;False
7;908.3;02/02/2015 16:32;279060.0;3;False;123;6;21;6;5.86;4;2;4;10.50;6;11;6;0.02;2;318.9050000000001;2;0;1;False
7;908.4;02/02/2015 21:42;297660.0;4;False;228;5;36;5;6.33;2;2;4;18.00;3;35;2;0.06;3;652.23;3;0;1;True
7;908.5;03/02/2015 12:43;2684520.0;5;False;254;4;43;4;5.91;3;3;2;14.33;4;19;4;0.07;4;697.9987;4;0;1;False
7;908.6;03/02/2015 16:02;2696460.0;6;False;343;3;63;3;5.44;6;3;2;21.00;2;26;3;0.15;6;936.6;5;0;1;False
7;908.7;03/02/2015 17:52;2703060.0;7;False;411;2;76;1;5.41;7;2;4;38.00;1;44;1;0.18;7;1214.63;6;0;1;False
3;923.1;03/02/2015 23:48;8100.0;1;False;7;3;1;3;7.00;1;1;3;1.00;3;1;3;0.00;1;20.200000000000006;1;0;3;False
3;923.2;04/02/2015 00:57;2604240.0;2;True;872;1;135;1;6.46;2;7;1;19.29;1;30;1;0.39;3;2670.5331;3;1;2;True
3;923.3;04/02/2015 01:07;2604840.0;3;False;32;2;5;2;6.40;3;2;2;2.50;2;4;2;0.00;1;56.185;2;2;1;False
1;936.1;09/02/2015 17:41;2659680.0;1;False;660;1;113;1;5.84;1;7;1;16.14;1;22;1;0.30;1;1902.3046000000002;1;1;1;False
1;940.1;10/02/2015 16:54;5040.0;1;False;1360;1;176;1;7.73;1;11;1;16.00;1;23;1;0.63;1;3507.0499999999997;1;1;1;True
1;962.1;17/02/2015 18:43;22020.0;1;False;400;1;63;1;6.35;1;3;1;21.00;1;29;1;0.12;1;1019.2000000000002;1;1;1;False
3;981.1;20/02/2015 18:29;19020.0;1;False;1446;1;137;1;10.55;1;4;1;34.25;1;94;1;0.14;3;3844.5675;3;0;1;True
3;981.2;20/02/2015 18:52;20400.0;2;False;68;3;10;3;6.80;2;1;3;10.00;3;10;3;0.01;1;153.51000000000002;1;0;1;True
3;981.3;23/02/2015 18:59;280020.0;3;False;108;2;21;2;5.14;3;2;2;10.50;2;13;2;0.04;2;224.505;2;0;1;False
3;983.1;20/02/2015 18:29;5760.0;1;False;50;3;10;3;5.00;3;1;3;10.00;3;10;3;0.01;1;94.51;1;0;1;False
3;983.2;20/02/2015 18:49;6960.0;2;False;424;1;56;1;7.57;1;3;1;18.67;1;44;1;0.11;2;876.6913;2;0;1;False
3;983.3;23/02/2015 19:35;268920.0;3;False;359;2;56;1;6.41;2;3;1;18.67;1;29;2;0.13;3;935.6913;3;0;1;True
3;1011.1;25/02/2015 12:43;15780.0;1;False;148;1;22;1;6.73;2;2;2;11.00;1;16;1;0.03;2;366.30000000000007;2;0;1;False
3;1011.2;25/02/2015 13:04;17040.0;2;False;146;2;15;2;9.73;1;3;1;5.00;3;9;3;0.03;2;411.16;3;0;1;False
3;1011.3;25/02/2015 17:01;31260.0;3;False;60;3;11;3;5.45;3;1;3;11.00;1;11;2;0.02;1;142.1;1;0;1;False
4;1012.1;25/02/2015 15:44;6300.0;1;False;593;1;95;1;6.24;3;4;1;23.75;1;43;1;0.25;4;1633.8725000000002;4;0;2;False
4;1012.2;25/02/2015 17:51;13920.0;2;False;93;3;12;4;7.75;2;1;4;12.00;2;12;3;0.01;1;130.69000000000003;1;0;2;False
4;1012.3;25/02/2015 18:51;17520.0;3;True;196;2;24;2;8.17;1;2;2;12.00;2;13;2;0.02;2;484.69000000000005;3;0;2;False
4;1012.4;26/02/2015 06:45;60360.0;4;False;80;4;13;3;6.15;4;2;2;6.50;4;8;4;0.02;2;211.145;2;1;1;False
3;883.1;21/01/2015 15:09;26580.0;1;False;487;3;71;3;6.86;2;6;1;11.83;3;24;3;0.17;1;1381.4237000000003;1;0;1;True
3;883.2;26/01/2015 11:53;446820.0;2;False;746;2;104;2;7.17;1;5;3;20.80;1;55;1;0.37;2;1986.7220000000002;2;0;1;True
3;883.3;26/01/2015 15:41;460500.0;3;False;757;1;112;1;6.76;3;6;1;18.67;2;29;2;0.61;3;2103.8913000000002;3;0;1;True
3;1007.1;24/02/2015 21:26;16740.0;1;False;217;2;40;2;5.42;2;4;2;10.00;2;22;2;0.06;2;578.31;2;0;2;False
3;1007.2;25/02/2015 13:54;76020.0;2;False;1265;1;206;1;6.14;1;13;1;15.85;1;32;1;1.21;3;3624.9915;3;0;2;False
3;1007.3;27/02/2015 16:38;258660.0;3;False;90;3;17;3;5.29;3;2;3;8.50;3;9;3;0.02;1;211.925;1;1;1;False
10;1001.1;23/02/2015 21:56;6960.0;1;False;392;4;71;4;5.52;7;4;3;17.75;2;34;4;0.11;7;1065.1325;7;0;1;False
10;1001.2;24/02/2015 01:16;18960.0;2;False;491;3;84;3;5.85;4;7;1;12.00;5;36;3;0.25;8;1239.8900000000003;8;0;1;False
10;1001.3;25/02/2015 14:39;153540.0;3;False;613;1;100;2;6.13;2;7;1;14.29;3;41;2;0.51;10;1453.1831000000002;10;0;1;False
10;1001.4;01/03/2015 17:24;4415760.0;10;False;525;2;101;1;5.20;8;3;4;33.67;1;42;1;0.41;9;1354.5413;9;0;1;False
10;1001.5;02/03/2015 12:39;1754460.0;9;False;189;5;32;5;5.91;3;3;4;10.67;6;21;5;0.05;6;484.17130000000003;6;0;1;False
10;1001.6;02/03/2015 13:58;1749720.0;8;False;56;7;13;6;4.31;10;1;7;13.00;4;13;6;0.02;5;166.48;5;0;1;False
10;1001.7;02/03/2015 16:11;1741740.0;7;False;56;7;10;7;5.60;6;2;6;5.00;10;5;10;0.01;1;139.76;2;0;1;False
10;1001.8;02/03/2015 16:16;1741440.0;6;False;57;6;9;9;6.33;1;1;7;9.00;8;9;8;0.01;1;141.32;3;0;1;False
10;1001.9;02/03/2015 16:22;1741080.0;5;False;49;9;10;7;4.90;9;1;7;10.00;7;10;7;0.01;1;141.71;4;0;1;False
10;1001.10;02/03/2015 16:25;1740900.0;4;False;45;10;8;10;5.62;5;1;7;8.00;9;8;9;0.01;1;93.73;1;0;1;False
2;1019.1;02/03/2015 19:23;2147700.0;1;True;285;1;47;1;6.06;1;4;1;11.75;1;16;1;0.09;2;767.7925;2;0;1;False
2;1019.2;04/03/2015 17:52;2944440.0;2;False;34;2;6;2;5.67;2;2;2;3.00;2;5;2;0.00;1;68.18;1;0;1;False
2;675.1;06/11/2014 15:18;2722020.0;1;False;349;2;68;2;5.13;2;3;2;22.67;1;30;1;0.19;2;996.2513000000001;1;0;1;False
2;675.2;07/11/2014 15:51;5316000.0;2;False;736;1;85;1;8.66;1;4;1;21.25;2;29;2;0.17;1;1385.0975;2;0;1;True
1;693.1;07/11/2014 20:20;3480.0;1;False;477;1;65;1;7.34;1;4;1;16.25;1;32;1;0.13;1;1182.5475000000004;1;1;1;False
4;708.1;12/11/2014 00:25;2508180.0;1;False;165;4;28;4;5.89;1;2;4;14.00;1;15;4;0.04;1;402.87;1;0;4;False
4;708.2;12/11/2014 01:44;2512920.0;2;True;640;1;111;1;5.77;2;8;1;13.88;2;22;2;0.42;4;1748.0232;4;2;1;False
4;708.3;12/11/2014 16:56;2567640.0;3;False;291;3;54;3;5.39;4;4;2;13.50;4;26;1;0.13;3;709.475;2;2;1;False
4;708.4;12/11/2014 22:00;2585880.0;4;False;307;2;55;2;5.58;3;4;2;13.75;3;21;3;0.11;2;851.1725;3;1;3;False
2;717.1;14/11/2014 01:17;2700.0;1;False;2854;1;221;1;12.91;1;4;1;55.25;1;182;1;0.53;2;4265.7575;2;1;1;True
2;717.2;14/11/2014 05:20;17280.0;2;False;229;2;39;2;5.87;2;2;2;19.50;2;29;2;0.08;1;652.815;1;0;2;False
2;716.1;14/11/2014 05:12;18780.0;1;False;5455;2;212;1;25.73;2;4;1;53.00;2;196;1;0.33;1;6719.280000000001;1;0;1;True
2;716.2;14/11/2014 11:39;42000.0;2;False;6071;1;107;2;56.74;1;1;2;107.00;1;107;2;0.51;2;12451.54;2;0;1;True
3;715.1;14/11/2014 05:16;19500.0;1;False;500;2;47;2;10.64;2;4;2;11.75;2;14;2;0.08;2;1074.5925000000002;2;0;1;True
3;715.2;14/11/2014 12:24;45180.0;2;False;7282;1;392;1;18.58;1;5;1;78.40;1;207;1;6.39;3;13785.586;3;0;1;True
3;715.3;14/11/2014 21:58;79620.0;3;False;144;3;25;3;5.76;3;4;2;6.25;3;10;3;0.02;1;305.44750000000005;1;0;1;False
3;761.1;10/12/2014 19:58;780.0;1;False;74;2;13;2;5.69;2;2;2;6.50;2;8;3;0.02;2;128.54500000000002;1;1;2;False
3;761.2;10/12/2014 20:20;2100.0;2;True;230;1;40;1;5.75;1;6;1;6.67;1;14;1;0.06;3;529.8113000000001;3;0;3;False
3;761.3;10/12/2014 20:41;3360.0;3;False;65;3;13;2;5.00;3;2;2;6.50;2;11;2;0.01;1;187.54500000000002;2;2;1;False
1;772.1;12/12/2014 20:35;49380.0;1;False;134;1;21;1;6.38;1;3;1;7.00;1;12;1;0.03;1;352.94000000000005;1;0;1;True
3;773.1;12/12/2014 20:00;34860.0;1;False;2304;1;265;1;8.69;1;11;1;24.09;2;99;1;1.77;3;5008.8051;3;2;1;True
3;773.2;13/12/2014 03:40;62460.0;2;False;731;2;89;2;8.21;2;2;2;44.50;1;57;2;0.18;2;2172.965;2;0;2;False
3;773.3;15/12/2014 20:25;295560.0;3;False;270;3;44;3;6.14;3;2;2;22.00;3;34;3;0.09;1;653.7900000000001;1;0;2;False
8;195.1;09/04/2014 15:18;49380.0;1;True;254;5;49;4;5.18;8;3;3;16.33;4;19;7;0.11;5;663.3787;4;1;2;False
8;195.2;09/04/2014 16:55;55200.0;2;False;112;8;21;8;5.33;6;2;5;10.50;8;16;8;0.03;1;318.9050000000001;1;0;3;False
8;195.3;11/04/2014 16:53;5325480.0;4;False;221;6;36;6;6.14;2;2;5;18.00;3;23;4;0.05;2;581.43;3;0;3;False
8;195.4;11/04/2014 18:14;5330340.0;5;False;308;4;47;5;6.55;1;2;5;23.50;1;25;3;0.06;3;784.175;5;3;1;False
8;195.5;15/05/2014 11:42;9640380.0;7;False;458;2;77;2;5.95;4;6;2;12.83;6;28;1;0.19;6;1252.0137000000002;7;0;3;False
8;195.6;09/08/2014 13:38;388980.0;3;False;158;7;26;7;6.08;3;2;5;13.00;5;22;5;0.06;3;402.48;2;0;3;False
8;195.7;11/08/2014 16:53;5671080.0;6;False;351;3;66;3;5.32;7;3;3;22.00;2;27;2;0.27;7;960.59;6;0;3;False
8;195.8;26/12/2014 02:27;9766320.0;8;False;736;1;128;1;5.75;5;10;1;12.80;7;20;6;0.31;8;2054.402;8;0;3;True
1;797.1;28/12/2014 23:20;231420.0;1;False;268;1;24;1;11.17;1;2;1;12.00;1;15;1;0.02;1;661.6899999999999;1;1;1;True
8;767.1;11/12/2014 22:37;3000.0;1;False;157;8;25;8;6.28;1;2;8;12.50;8;15;8;0.05;1;461.285;1;0;2;False
8;767.2;11/12/2014 22:44;3420.0;2;False;254;6;46;6;5.52;6;3;5;15.33;6;20;6;0.13;4;674.7887000000001;3;0;2;False
8;767.3;11/12/2014 23:30;6180.0;3;False;560;2;96;2;5.83;4;4;2;24.00;1;39;1;0.32;7;1492.3700000000001;7;0;2;False
8;767.4;11/12/2014 23:36;6540.0;4;False;249;7;46;6;5.41;7;3;5;15.33;6;18;7;0.08;2;639.3887;2;0;2;False
8;767.5;12/12/2014 20:32;2587500.0;5;False;432;4;78;4;5.54;5;4;2;19.50;3;34;2;0.20;5;1219.2150000000001;5;1;1;False
8;767.6;15/12/2014 15:24;2828220.0;6;False;453;3;85;3;5.33;8;4;2;21.25;2;30;3;0.23;6;1243.4975000000002;6;0;2;False
8;767.7;29/12/2014 18:06;4047540.0;7;True;737;1;125;1;5.90;3;8;1;15.62;5;29;4;0.41;8;2126.3018;8;0;2;False
8;767.8;31/12/2014 17:01;4216440.0;8;False;325;5;54;5;6.02;2;3;5;18.00;4;22;5;0.09;3;1006.23;4;0;2;False
3;811.1;31/12/2014 15:49;32520.0;1;True;464;2;64;3;7.25;1;4;2;16.00;3;27;3;0.15;1;1217.8500000000001;2;1;1;True
3;811.2;31/12/2014 23:46;61140.0;2;False;550;1;98;1;5.61;3;5;1;19.60;2;40;1;0.36;3;1561.4540000000002;3;0;3;False
3;811.3;04/01/2015 21:32;7915500.0;3;False;403;3;69;2;5.84;2;3;3;23.00;1;36;2;0.23;2;1173.38;1;1;1;False
2;524.1;23/08/2014 12:22;36180.0;1;True;311;2;51;2;6.10;2;3;1;17.00;2;37;2;0.10;1;828.84;1;0;1;False
2;524.2;25/08/2014 14:30;216660.0;2;False;525;1;61;1;8.61;1;2;2;30.50;1;39;1;0.10;1;1258.9050000000002;2;0;1;False
3;518.1;20/08/2014 19:37;3000.0;1;False;364;1;58;1;6.28;1;5;1;11.60;2;21;1;0.14;3;1074.534;3;0;1;True
3;518.2;20/08/2014 19:49;3720.0;2;False;104;2;19;2;5.47;3;1;3;19.00;1;19;2;0.02;1;322.2200000000001;2;0;1;False
3;518.3;26/08/2014 00:31;452640.0;3;False;80;3;14;3;5.71;2;2;2;7.00;3;8;3;0.02;1;199.54;1;0;1;False
9;232.1;16/04/2014 14:48;31680.0;1;False;180;4;30;3;6.00;2;3;2;10.00;3;17;3;0.03;2;448.51000000000005;2;0;2;False
9;232.2;16/04/2014 19:40;49200.0;2;True;573;1;97;1;5.91;3;6;1;16.17;1;25;2;0.40;4;1583.7163;4;0;2;False
9;232.3;17/04/2014 06:13;87180.0;3;False;253;3;45;2;5.62;4;3;2;15.00;2;40;1;0.10;3;627.46;3;0;2;False
9;232.4;17/04/2014 16:10;123000.0;4;False;255;2;9;4;28.33;1;2;4;4.50;4;8;4;0.00;1;446.36500000000007;1;1;1;True
7;156.1;01/04/2014 22:20;7246500.0;3;True;4012;1;395;1;10.16;2;7;1;56.43;1;284;1;1.47;7;10378.6177;7;2;1;True
7;156.2;12/05/2014 22:50;21699300.0;7;False;70;7;12;6;5.83;6;2;4;6.00;6;6;7;0.01;1;199.15;1;0;5;False
7;156.3;27/08/2014 12:16;13021260.0;4;False;176;5;19;5;9.26;4;2;4;9.50;3;15;3;0.02;3;412.915;2;1;4;True
7;156.4;28/08/2014 05:54;13084740.0;5;False;301;3;10;7;30.10;1;2;4;5.00;7;9;6;0.01;1;670.7600000000001;4;0;5;True
7;156.5;02/09/2014 19:33;4146120.0;2;False;318;2;40;2;7.95;5;5;2;8.00;4;13;4;0.07;6;943.33;6;2;1;True
7;156.6;03/09/2014 05:32;1777380.0;1;False;176;5;35;3;5.03;7;5;2;7.00;5;11;5;0.05;5;470.94000000000005;3;2;1;False
7;156.7;10/09/2014 21:47;16770720.0;6;False;252;4;26;4;9.69;3;1;7;26.00;2;26;2;0.03;4;702.55;5;0;5;False
2;560.1;19/09/2014 21:08;21960.0;1;True;205;1;32;1;6.41;1;3;1;10.67;1;16;1;0.07;2;566.7713;2;1;1;False
2;560.2;19/09/2014 21:26;23040.0;2;False;33;2;6;2;5.50;2;2;2;3.00;2;5;2;0.00;1;68.18;1;0;2;False
7;264.1;24/04/2014 16:42;49260.0;1;True;1283;1;203;1;6.32;1;6;1;33.83;2;98;1;0.79;7;2664.4037;7;2;1;False
7;264.2;16/05/2014 23:13;1973520.0;3;False;826;2;145;2;5.70;4;3;4;48.33;1;86;2;0.42;6;2434.0587;6;0;3;False
7;264.3;21/05/2014 16:22;2380860.0;4;False;333;4;61;4;5.46;7;5;2;12.20;4;18;4;0.16;4;909.5680000000001;4;0;3;False
7;264.4;27/05/2014 20:00;2912340.0;5;False;86;7;14;7;6.14;2;3;4;4.67;7;13;5;0.01;1;198.6313;1;0;3;False
7;264.5;27/05/2014 20:27;2913960.0;6;False;113;5;19;5;5.95;3;2;6;9.50;5;11;6;0.02;2;283.115;3;1;2;False
7;264.6;02/09/2014 00:57;6401040.0;7;False;454;3;80;3;5.67;5;4;3;20.00;3;39;3;0.25;5;1290.21;5;0;3;False
7;264.7;05/11/2014 00:03;1458120.0;2;False;101;6;18;6;5.61;6;2;6;9.00;6;10;7;0.02;2;271.12000000000006;2;0;3;False
4;446.1;01/07/2014 17:11;15780.0;1;True;524;1;81;1;6.47;1;4;1;20.25;1;24;4;0.24;4;1467.3075000000001;4;0;2;False
4;446.2;01/07/2014 17:31;16980.0;2;False;330;2;58;2;5.69;2;3;2;19.33;2;31;2;0.14;3;853.3487;3;0;2;False
4;446.3;03/07/2014 23:10;5134920.0;3;False;280;3;51;3;5.49;4;3;2;17.00;3;28;3;0.11;2;687.24;2;0;2;False
4;446.4;04/07/2014 14:32;7782240.0;4;False;253;4;45;4;5.62;3;3;2;15.00;4;39;1;0.08;1;674.6600000000001;1;2;1;False
5;452.1;07/07/2014 13:49;5259480.0;1;False;316;3;57;3;5.54;4;4;2;14.25;4;19;4;0.18;3;874.9675;3;0;3;False
5;452.2;10/07/2014 23:37;13243560.0;2;False;386;2;71;2;5.44;5;4;2;17.75;1;22;3;0.22;4;1135.9325000000001;4;0;3;False
5;452.3;11/07/2014 18:11;15902400.0;3;False;681;1;90;1;7.57;1;6;1;15.00;2;24;1;0.25;5;1772.0600000000002;5;3;1;True
5;452.4;11/07/2014 18:32;15903660.0;4;True;199;4;30;4;6.63;2;2;4;15.00;2;24;1;0.03;2;580.26;2;2;2;False
5;452.5;12/07/2014 01:14;18433380.0;5;False;80;5;14;5;5.71;3;2;4;7.00;5;8;5;0.02;1;187.74;1;0;3;False
12;463.1;11/07/2014 20:19;18780.0;1;False;268;7;50;7;5.36;11;3;5;16.67;4;22;8;0.13;9;698.9113;6;0;4;False
12;463.2;15/07/2014 16:17;9931740.0;12;False;623;3;95;3;6.56;5;2;8;47.50;1;74;1;0.18;10;1430.7350000000004;10;0;4;False
12;463.3;15/07/2014 16:52;9929640.0;11;False;251;8;43;8;5.84;8;3;5;14.33;7;24;7;0.05;5;674.3987000000001;5;0;4;False
12;463.4;15/07/2014 16:57;9929340.0;10;False;353;5;56;5;6.30;7;4;4;14.00;8;21;9;0.10;7;898.47;7;0;4;True
12;463.5;15/07/2014 18:35;9923460.0;9;False;94;12;18;11;5.22;12;2;8;9.00;10;9;11;0.02;2;271.12000000000006;2;1;2;False
12;463.6;16/07/2014 18:17;9838140.0;8;False;317;6;59;4;5.37;10;2;8;29.50;2;35;4;0.12;8;951.715;8;0;4;False
12;463.7;16/07/2014 18:41;9836700.0;7;False;105;11;8;12;13.12;1;2;8;4.00;12;7;12;0.01;1;269.1700000000001;1;0;4;True
12;463.8;18/07/2014 14:37;9678540.0;6;False;197;9;31;9;6.35;6;2;8;15.50;5;30;6;0.04;4;592.255;4;0;4;False
12;463.9;18/07/2014 15:54;9673920.0;5;False;1339;1;196;1;6.83;4;8;1;24.50;3;67;2;0.84;12;3734.565;12;1;2;True
12;463.10;21/07/2014 15:22;9416640.0;4;True;889;2;123;2;7.23;3;8;1;15.38;6;49;3;0.30;11;2315.0082;11;0;4;True
12;463.11;24/07/2014 13:57;9162540.0;3;False;503;4;52;6;9.67;2;5;3;10.40;9;31;5;0.05;5;1251.0660000000003;9;3;1;False
12;463.12;24/07/2014 17:22;9150240.0;2;False;134;10;24;10;5.58;9;3;5;8.00;11;12;10;0.03;3;388.7300000000001;3;0;4;False
3;486.1;30/07/2014 15:29;38340.0;1;True;1512;1;228;1;6.63;2;17;1;13.41;2;25;1;1.09;3;4273.039900000001;3;1;1;True
3;486.2;31/07/2014 06:36;92760.0;2;False;364;2;57;2;6.39;3;4;2;14.25;1;21;2;0.12;2;992.9675000000001;2;1;1;False
3;486.3;31/07/2014 14:24;120840.0;3;False;167;3;23;3;7.26;1;2;3;11.50;3;16;3;0.04;1;496.2950000000001;1;0;3;False
4;165.1;04/04/2014 13:52;5144100.0;2;True;466;2;68;2;6.85;2;5;2;13.60;2;22;2;0.13;3;1323.1140000000003;3;2;1;True
4;165.2;04/04/2014 16:24;5153220.0;3;False;3329;1;526;1;6.33;3;11;1;47.82;1;415;1;21.59;4;8298.459799999999;4;0;4;True
4;165.3;05/04/2014 00:34;7688220.0;4;False;67;3;13;3;5.15;4;2;3;6.50;3;9;3;0.01;2;163.945;2;1;2;False
4;165.4;01/08/2014 09:53;2300640.0;1;False;35;4;5;4;7.00;1;1;4;5.00;4;5;4;0.00;1;116.16;1;1;2;False
2;489.1;04/08/2014 16:04;9843840.0;2;True;822;1;138;1;5.96;1;6;1;23.00;1;29;2;0.67;2;2494.98;2;1;1;False
2;489.2;04/08/2014 16:18;9843000.0;1;False;358;2;62;2;5.77;2;3;2;20.67;2;34;1;0.15;1;1007.2713;1;0;2;False
7;497.1;04/08/2014 15:22;7759860.0;1;False;1300;1;180;1;7.22;2;8;1;22.50;1;77;1;0.74;7;3249.985;7;1;1;False
7;497.2;04/08/2014 17:25;7767240.0;2;False;161;5;26;5;6.19;4;4;3;6.50;6;12;6;0.04;2;494.3450000000001;5;0;4;False
7;497.3;04/08/2014 18:16;7770300.0;3;False;165;4;28;3;5.89;5;2;5;14.00;3;27;3;0.05;4;438.27000000000004;4;0;4;False
7;497.4;04/08/2014 18:33;7771320.0;4;False;235;3;25;6;9.40;1;2;5;12.50;5;23;4;0.05;4;343.285;2;0;4;False
7;497.5;04/08/2014 20:17;7777560.0;5;False;142;6;27;4;5.26;7;2;5;13.50;4;14;5;0.04;2;390.87500000000006;3;0;4;False
7;497.6;04/08/2014 21:16;7781100.0;6;True;652;2;98;2;6.65;3;6;2;16.33;2;50;2;0.21;6;1571.9787000000001;6;1;1;False
7;497.7;04/08/2014 22:10;7784340.0;7;False;107;7;19;7;5.63;6;4;3;4.75;7;8;7;0.03;1;281.26250000000005;1;1;1;False
1;504.1;05/08/2014 16:31;5220.0;1;False;235;1;36;1;6.53;1;2;1;18.00;1;22;1;0.06;1;746.63;1;1;1;False
13;453.1;07/07/2014 17:09;2582100.0;2;False;366;6;59;8;6.20;6;3;10;19.67;3;24;6;0.11;6;971.4813;7;0;4;False
13;453.2;07/07/2014 19:02;2588880.0;3;False;306;9;48;9;6.38;5;5;5;9.60;10;12;10;0.10;5;849.5540000000001;5;0;4;False
13;453.3;07/07/2014 21:06;2596320.0;4;False;1560;1;236;1;6.61;4;10;2;23.60;1;57;3;1.10;13;3923.014;13;0;4;False
13;453.4;09/07/2014 00:54;7880400.0;11;False;1290;2;117;2;11.03;1;11;1;10.64;8;27;5;0.18;8;3280.7596000000003;12;0;4;False
13;453.5;18/07/2014 12:57;3517380.0;8;False;49;13;10;13;4.90;11;1;13;10.00;9;10;13;0.01;1;129.91000000000003;1;0;4;False
13;453.6;21/07/2014 16:40;3789960.0;9;False;353;7;65;7;5.43;10;4;8;16.25;5;37;4;0.12;7;981.9475;8;0;4;False
13;453.7;23/07/2014 14:38;3955440.0;10;False;110;11;19;11;5.79;8;3;10;6.33;12;15;9;0.02;2;293.67870000000005;3;0;4;False
13;453.8;01/08/2014 19:19;12962100.0;13;False;333;8;69;6;4.83;12;5;5;13.80;7;23;8;0.27;10;898.3919999999999;6;0;4;False
13;453.9;05/08/2014 16:59;2602500.0;5;False;639;5;113;3;5.65;9;7;3;16.14;6;24;6;0.59;12;1654.5046000000002;9;0;4;True
13;453.10;06/08/2014 17:21;77220.0;1;False;253;10;42;10;6.02;7;5;5;8.40;11;12;10;0.06;4;683.886;4;1;3;False
13;453.11;07/08/2014 15:14;2661600.0;6;False;1147;3;111;4;10.33;2;6;4;18.50;4;73;2;0.27;10;2623.025;11;0;4;False
13;453.12;07/08/2014 19:24;2676600.0;7;True;730;4;84;5;8.69;3;4;8;21.00;2;74;1;0.19;9;1880.6000000000001;10;2;2;False
13;453.13;09/08/2014 01:16;7968120.0;12;False;89;12;19;11;4.68;13;3;10;6.33;12;12;10;0.02;2;187.47870000000003;2;3;1;False
8;521.1;21/08/2014 18:42;1380.0;1;False;413;5;68;3;6.07;5;5;3;13.60;5;24;4;0.16;6;1181.5140000000004;5;0;2;False
8;521.2;21/08/2014 18:49;1800.0;2;False;272;6;38;6;7.16;2;2;6;19.00;3;24;4;0.08;3;817.8199999999999;3;0;2;False
8;521.3;21/08/2014 19:05;2760.0;3;False;443;3;60;5;7.38;1;3;5;20.00;2;35;1;0.14;4;865.41;4;0;2;False
8;521.4;21/08/2014 19:16;3420.0;4;False;421;4;67;4;6.28;4;4;4;16.75;4;26;3;0.14;4;1241.7425000000003;6;0;2;False
8;521.5;21/08/2014 19:53;5640.0;5;True;739;1;126;1;5.87;7;6;1;21.00;1;31;2;0.54;8;1998.6000000000004;8;0;2;False
8;521.6;21/08/2014 20:05;6360.0;6;False;96;7;19;7;5.05;8;2;6;9.50;7;15;7;0.03;2;247.715;2;0;2;False
8;521.7;21/08/2014 21:29;11400.0;7;False;462;2;78;2;5.92;6;6;1;13.00;6;19;6;0.19;7;1417.2800000000002;7;0;2;False
8;521.8;21/08/2014 21:41;12120.0;8;False;93;8;14;8;6.64;3;2;6;7.00;8;12;8;0.01;1;246.74000000000004;1;2;1;False
2;286.1;30/04/2014 16:20;3480.0;1;True;435;1;67;1;6.49;1;3;1;22.33;1;32;1;0.14;2;1232.1187;2;0;1;False
2;286.2;30/04/2014 18:04;9720.0;2;False;60;2;10;2;6.00;2;3;1;3.33;2;5;2;0.01;1;103.7087;1;0;1;False
1;298.1;04/05/2014 17:14;38100.0;1;False;906;1;164;1;5.52;1;8;1;20.50;1;28;1;0.91;1;2446.805;1;0;1;False
2;300.1;04/05/2014 18:22;14160.0;1;False;993;1;150;1;6.62;2;6;1;25.00;1;61;1;0.45;2;2483.96;2;1;1;False
2;300.2;04/05/2014 20:17;21060.0;2;False;102;2;13;2;7.85;1;4;2;3.25;2;5;2;0.01;1;257.07750000000004;1;0;2;True
1;296.1;05/05/2014 06:13;5216220.0;1;False;502;1;68;1;7.38;1;7;1;9.71;1;21;1;0.15;1;1286.1969000000001;1;0;1;True
1;302.1;05/05/2014 18:24;2572020.0;1;False;95;1;10;1;9.50;1;2;1;5.00;1;8;1;0.01;1;269.56000000000006;1;0;1;True
2;307.1;06/05/2014 15:26;2650320.0;1;True;836;1;146;1;5.73;1;10;1;14.60;1;30;1;0.68;2;2220.304;2;1;1;False
2;307.2;08/05/2014 08:52;7897080.0;2;False;18;2;4;2;4.50;2;1;2;4.00;2;4;2;0.00;1;33.17;1;0;2;False
3;310.1;07/05/2014 17:03;37020.0;1;False;452;1;80;1;5.65;1;5;1;16.00;2;25;1;0.22;2;1347.65;3;0;1;False
3;310.2;07/05/2014 20:48;50520.0;2;False;399;2;73;2;5.47;2;4;2;18.25;1;25;1;0.23;3;1136.1275000000003;2;0;1;False
3;310.3;09/05/2014 15:26;5388000.0;3;False;145;3;28;3;5.18;3;3;3;9.33;3;18;3;0.04;1;353.84870000000006;1;0;1;False
1;340.1;19/05/2014 19:50;2820.0;1;False;270;1;46;1;5.87;1;3;1;15.33;1;23;1;0.16;1;662.9887;1;1;1;False
3;325.1;14/05/2014 21:25;21600.0;1;False;474;2;83;1;5.71;2;4;2;20.75;1;28;1;0.23;3;1255.1025000000002;2;3;1;False
3;325.2;19/05/2014 16:50;437100.0;2;True;481;1;77;2;6.25;1;6;1;12.83;2;28;1;0.16;2;1322.8137000000002;3;2;2;True
3;325.3;20/05/2014 00:25;464400.0;3;False;102;3;18;3;5.67;3;3;3;6.00;3;9;3;0.02;1;269.95000000000005;1;0;3;False
8;371.1;23/05/2014 15:18;2940.0;1;False;241;3;42;3;5.74;4;3;3;14.00;3;24;3;0.10;7;650.6700000000001;6;0;3;False
8;371.2;23/05/2014 15:34;3900.0;2;False;111;6;20;6;5.55;6;1;8;20.00;1;20;5;0.02;1;263.61000000000007;3;0;3;False
8;371.3;28/05/2014 20:39;454200.0;3;True;691;1;110;1;6.28;1;7;1;15.71;2;29;2;0.38;8;2079.1369;8;0;3;False
8;371.4;02/06/2014 01:14;9206100.0;8;False;105;7;18;7;5.83;2;3;3;6.00;7;13;7;0.03;3;234.55;2;1;1;False
8;371.5;02/06/2014 15:15;9155640.0;7;False;68;8;13;8;5.23;7;3;3;4.33;8;7;8;0.02;1;139.4987;1;1;1;False
8;371.6;02/06/2014 15:34;9154500.0;6;False;196;4;34;4;5.76;3;3;3;11.33;4;21;4;0.05;5;543.4286999999999;5;0;3;False
8;371.7;02/06/2014 16:08;9152460.0;5;False;254;2;45;2;5.64;5;4;2;11.25;5;30;1;0.09;6;684.9975000000001;7;0;3;True
8;371.8;02/06/2014 20:05;9138240.0;4;False;129;5;25;5;5.16;8;3;3;8.33;6;14;6;0.03;3;318.05870000000004;4;0;3;False
6;154.1;28/03/2014 21:57;8100.0;1;False;325;1;46;2;7.07;3;3;1;15.33;3;17;2;0.06;5;981.5887;6;1;1;True
6;154.2;22/05/2014 20:51;4756140.0;4;False;127;4;17;4;7.47;2;1;5;17.00;2;17;2;0.02;3;309.64000000000004;2;0;3;True
6;154.3;22/05/2014 20:56;4756440.0;5;False;313;3;55;1;5.69;4;3;1;18.33;1;23;1;0.11;6;876.5586999999999;5;1;1;False
6;154.4;23/05/2014 02:52;4777800.0;6;False;83;6;17;4;4.88;6;2;4;8.50;5;10;6;0.01;2;211.925;1;0;3;False
6;154.5;03/06/2014 16:48;1911240.0;3;False;126;5;23;3;5.48;5;3;1;7.67;6;13;4;0.02;3;329.6013000000001;3;0;3;False
6;154.6;03/06/2014 20:26;1898160.0;2;False;318;2;12;6;26.50;1;1;5;12.00;4;12;5;0.00;1;449.2900000000001;4;0;3;True
3;407.1;09/06/2014 14:34;43740.0;1;False;367;3;64;1;5.73;3;6;1;10.67;3;18;3;0.12;2;991.5713000000001;1;1;1;False
3;407.2;09/06/2014 18:36;58260.0;2;False;426;1;58;2;7.34;1;4;2;14.50;1;25;2;0.12;2;1075.6650000000002;3;0;2;False
3;407.3;09/06/2014 18:45;58800.0;3;False;370;2;56;3;6.61;2;4;2;14.00;2;35;1;0.07;1;992.8700000000001;2;0;2;False
9;413.1;11/06/2014 13:18;29640.0;1;False;416;6;65;6;6.40;3;5;3;13.00;7;26;8;0.15;4;1193.0800000000002;5;0;2;False
9;413.2;11/06/2014 15:32;37680.0;2;False;877;3;137;3;6.40;3;5;3;27.40;2;43;3;0.56;7;2591.096;7;0;2;True
9;413.3;11/06/2014 16:31;41220.0;3;False;963;2;166;2;5.80;7;7;2;23.71;4;71;1;0.76;8;2636.8569;8;1;1;False
9;413.4;11/06/2014 20:12;54480.0;4;False;1423;1;191;1;7.45;1;8;1;23.88;3;41;4;0.85;9;3462.9232;9;0;2;False
9;413.5;12/06/2014 15:47;2630580.0;5;False;383;7;59;7;6.49;2;1;9;59.00;1;59;2;0.12;3;1069.42;3;0;2;False
9;413.6;12/06/2014 16:51;2634420.0;6;False;618;4;101;4;6.12;5;5;3;20.20;5;27;5;0.28;6;1608.8880000000001;6;0;2;False
9;413.7;12/06/2014 17:36;2637120.0;7;False;211;8;39;8;5.41;9;3;7;13.00;7;27;5;0.06;1;544.08;1;0;2;False
9;413.8;12/06/2014 18:13;2639340.0;8;False;428;5;73;5;5.86;6;4;6;18.25;6;27;5;0.20;5;1183.3275000000003;4;0;2;False
9;413.9;18/06/2014 16:40;12140640.0;9;False;200;9;35;9;5.71;8;3;7;11.67;9;14;9;0.06;1;567.1613;2;0;2;False
2;428.1;19/06/2014 16:23;3000.0;1;True;733;1;104;1;7.05;1;3;1;34.67;1;50;1;0.31;2;1815.1313000000002;2;2;1;False
2;428.2;19/06/2014 16:51;4680.0;2;False;54;2;10;2;5.40;2;2;2;5.00;2;8;2;0.01;1;116.16;1;2;1;False
2;436.1;26/06/2014 14:50;123180.0;1;False;685;1;124;1;5.52;2;7;1;17.71;2;29;2;0.54;2;1914.7169000000001;2;0;1;False
2;436.2;26/06/2014 15:44;126420.0;2;False;224;2;38;2;5.89;1;1;2;38.00;1;38;1;0.10;1;577.4300000000001;1;0;1;False
4;69.1;07/03/2014 01:46;4980.0;1;False;294;4;54;3;5.44;4;3;3;18.00;1;25;4;0.10;1;817.43;1;1;1;False
4;69.2;07/03/2014 15:53;55800.0;2;False;397;2;70;2;5.67;3;4;2;17.50;3;30;3;0.16;4;1171.2350000000001;3;0;3;False
4;69.3;07/03/2014 16:41;58680.0;3;False;379;3;53;4;7.15;1;3;3;17.67;2;43;1;0.10;1;935.3013;2;1;1;True
4;69.4;07/03/2014 20:44;73260.0;4;False;449;1;73;1;6.15;2;5;1;14.60;4;36;2;0.15;3;1205.5040000000001;4;0;3;True
6;79.1;13/03/2014 16:49;4680.0;1;False;736;1;132;1;5.58;4;5;2;26.40;2;48;1;0.52;6;2024.3060000000003;6;0;3;False
6;79.2;13/03/2014 17:20;6540.0;2;False;379;2;71;2;5.34;5;6;1;11.83;6;28;3;0.12;5;1003.8237;5;0;3;False
6;79.3;13/03/2014 18:45;11640.0;3;False;262;3;38;4;6.89;2;2;4;19.00;4;21;5;0.06;4;841.42;4;0;3;True
6;79.4;13/03/2014 22:42;25860.0;4;False;133;6;26;6;5.12;6;1;5;26.00;3;26;4;0.04;1;313.15000000000003;1;0;3;False
6;79.5;13/03/2014 22:45;26040.0;5;False;262;3;35;5;7.49;1;1;5;35.00;1;35;2;0.04;1;694.26;3;2;1;False
6;79.6;17/03/2014 07:37;317160.0;6;False;219;5;39;3;5.62;3;3;3;13.00;5;16;6;0.05;3;650.2800000000001;2;1;2;False
3;120.1;21/03/2014 19:10;8340.0;1;False;586;2;98;2;5.98;2;6;1;16.33;2;23;2;0.26;2;1713.5787000000003;2;0;1;False
3;120.2;21/03/2014 19:22;9060.0;2;True;1080;1;133;1;8.12;1;6;1;22.17;1;56;1;0.41;3;2577.2563;3;0;1;True
3;120.3;22/03/2014 01:26;30900.0;3;False;70;3;13;3;5.38;3;1;3;13.00;3;13;3;0.01;1;154.68;1;0;1;False
4;140.1;26/03/2014 14:19;49200.0;1;False;423;3;74;3;5.72;2;6;1;12.33;4;19;4;0.21;2;1192.8187000000003;2;0;2;False
4;140.2;27/03/2014 20:45;158760.0;2;False;617;1;110;1;5.61;3;3;3;36.67;1;78;1;0.33;4;1780.5113000000003;4;0;2;False
4;140.3;27/03/2014 21:40;162060.0;3;False;410;4;67;4;6.12;1;5;2;13.40;3;28;3;0.18;1;1028.0360000000003;1;1;1;False
4;140.4;29/03/2014 19:29;327000.0;4;False;589;2;106;2;5.56;4;3;3;35.33;2;72;2;0.29;3;1650.1887000000002;3;0;2;False
1;161.1;01/04/2014 22:23;63960.0;1;False;53;1;10;1;5.30;1;2;1;5.00;1;8;1;0.01;1;127.96000000000001;1;0;1;False
2;173.1;04/04/2014 15:09;36660.0;1;True;84;1;14;1;6.00;1;1;2;14.00;1;14;1;0.01;1;237.67000000000002;2;1;1;False
2;173.2;04/04/2014 15:26;37680.0;2;False;77;2;13;2;5.92;2;4;1;3.25;2;5;2;0.01;1;150.87750000000003;1;0;2;False
5;170.1;03/04/2014 22:46;28260.0;1;False;2287;1;328;1;6.97;2;13;1;25.23;1;58;1;2.32;5;5481.2497;5;0;2;True
5;170.2;04/04/2014 16:16;2683260.0;2;False;360;3;60;3;6.00;3;5;2;12.00;4;21;4;0.16;3;956.6899999999999;3;0;2;False
5;170.3;04/04/2014 20:43;2699280.0;3;True;555;2;74;2;7.50;1;5;2;14.80;3;33;2;0.23;4;1453.382;4;0;2;True
5;170.4;05/04/2014 02:59;5227440.0;4;False;123;5;23;5;5.35;5;2;4;11.50;5;14;5;0.03;1;283.89500000000004;1;1;1;False
5;170.5;07/04/2014 19:57;10558920.0;5;False;215;4;36;4;5.97;4;2;4;18.00;2;24;3;0.06;2;569.63;2;0;2;False
9;207.1;13/04/2014 22:28;15033840.0;9;False;391;3;57;4;6.86;4;3;4;19.00;1;28;3;0.11;6;924.02;6;2;1;True
9;207.2;13/04/2014 22:58;15032040.0;8;False;933;1;65;3;14.35;1;6;1;10.83;5;19;4;0.16;8;2726.2337;9;1;3;False
9;207.3;13/04/2014 22:59;15031980.0;7;False;116;5;18;5;6.44;5;1;5;18.00;2;18;5;0.03;5;333.63000000000005;5;1;3;False
9;207.4;13/04/2014 23:00;15031920.0;6;False;36;7;6;7;6.00;6;1;5;6.00;7;6;7;0.00;1;69.35000000000001;3;0;6;False
9;207.5;13/04/2014 23:03;15031740.0;5;False;57;6;10;6;5.70;7;1;5;10.00;6;10;6;0.01;4;129.91000000000003;4;0;6;False
9;207.6;14/04/2014 00:32;15026400.0;4;True;775;2;89;1;8.71;2;5;2;17.80;3;41;2;0.26;9;2233.352;8;0;6;True
9;207.7;14/04/2014 02:54;15017880.0;3;False;353;4;68;2;5.19;9;5;2;13.60;4;51;1;0.15;7;969.114;7;2;1;False
9;207.8;14/04/2014 12:53;14981940.0;2;False;22;8;4;8;5.50;8;1;5;4.00;8;4;8;0.00;1;56.77000000000001;2;1;3;False
9;207.9;15/04/2014 14:06;14891160.0;1;False;21;9;3;9;7.00;3;1;5;3.00;9;3;9;0.00;1;56.38000000000001;1;0;6;False
7;125.1;21/03/2014 21:01;3120.0;1;False;88;7;21;7;4.19;7;2;7;10.50;6;12;7;0.03;2;212.705;1;0;2;False
7;125.2;24/03/2014 18:23;252840.0;2;False;186;6;24;6;7.75;3;3;4;8.00;7;22;4;0.03;2;459.53000000000003;2;0;2;True
7;125.3;24/03/2014 20:24;260100.0;3;False;697;2;61;3;11.43;2;4;2;15.25;3;24;3;0.09;5;1595.1575000000003;6;0;2;True
7;125.4;24/03/2014 22:41;268320.0;4;False;349;4;62;2;5.63;6;4;2;15.50;2;28;2;0.16;6;981.655;4;0;2;False
7;125.5;24/03/2014 23:57;272880.0;5;True;1207;1;163;1;7.40;4;7;1;23.29;1;43;1;0.56;7;3144.0931;7;1;1;True
7;125.6;16/04/2014 19:38;2244540.0;6;False;204;5;35;4;5.83;5;3;4;11.67;4;22;4;0.06;4;567.1613;3;0;2;False
7;125.7;19/04/2014 00:30;2434860.0;7;False;483;3;32;5;15.09;1;3;4;10.67;5;20;6;0.01;1;1133.1713000000002;5;0;2;True
5;246.1;18/04/2014 22:11;4080.0;1;False;803;1;141;1;5.70;4;5;2;28.20;1;43;1;0.48;4;2284.608;5;0;1;False
5;246.2;18/04/2014 23:47;9840.0;2;False;746;2;122;2;6.11;2;7;1;17.43;2;37;2;0.58;5;2020.8077000000003;4;0;1;True
5;246.3;19/04/2014 00:34;12660.0;3;True;382;3;63;3;6.06;3;5;2;12.60;3;27;3;0.10;3;1122.1240000000003;3;0;1;False
5;246.4;19/04/2014 03:16;22380.0;4;False;61;4;12;4;5.08;5;2;4;6.00;4;6;4;0.02;2;128.35000000000002;2;0;1;False
5;246.5;19/04/2014 16:06;68580.0;5;False;43;5;1;5;43.00;1;1;5;1.00;5;1;5;0.00;1;43.8;1;0;1;True
2;260.1;23/04/2014 17:02;5280.0;1;True;654;1;112;1;5.84;1;6;1;18.67;1;40;1;0.30;2;1844.2913000000003;2;0;2;False
2;260.2;23/04/2014 18:07;9180.0;2;False;239;2;41;2;5.83;2;4;2;10.25;2;17;2;0.06;1;672.8075;1;1;1;False
1;277.1;28/04/2014 13:58;34080.0;1;False;264;1;43;1;6.14;1;2;1;21.50;1;32;1;0.07;1;771.595;1;1;1;False
2;273.1;27/04/2014 17:21;130740.0;1;True;223;1;36;1;6.19;1;2;1;18.00;1;20;1;0.08;2;451.63000000000005;2;1;1;True
2;273.2;30/04/2014 05:40;347880.0;2;False;57;2;11;2;5.18;2;2;1;5.50;2;6;2;0.01;1;128.15500000000003;1;0;2;False
