answers_count,date_time,time_difference,time_difference_rank,solution,len,len_rank,wordcount,wordcount_rank,avg_chars_per_word,avg_chars_per_word_rank,sentences,sentences_rank,avg_words_per_sentence,avg_words_per_sentence_rank,longest_sentence,longest_sentence_rank,loglikelihood,loglikelihood_ascending_rank,F-K,F-K_ascending_rank,has_links
7,'2008-08-06 08:02:10',579,1,False,616,4,99,4,6.22,4,4,3,24.75,3,36,5,0,1,1846.6625,4,False
7,'2008-08-06 08:08:20',949,2,False,785,2,131,2,5.99,5,2,5,65.5,1,110,1,0,2,2310.955,6,False
7,'2008-08-07 12:14:49',102138,3,False,266,7,42,7,6.33,2,2,6,21,7,25,7,0,3,653.4,1,True
7,'2008-08-08 07:46:19',172428,4,False,508,5,87,5,5.84,6,3,4,29,2,42,2,0,4,1340.92,3,False
7,'2008-08-16 17:41:20',899329,5,False,751,3,119,3,6.31,3,5,2,23.8,5,41,3,0,5,2247.492,5,False
7,'2008-08-18 18:48:30',1076159,6,True,365,6,48,6,7.6,1,2,7,24,4,26,6,0,6,949.57,2,True
7,'2013-07-15 20:07:20',155909689,7,False,1021,1,185,1,5.52,7,8,1,23.12,6,38,4,0.01,7,2731.0268,7,False
9,'2008-08-07 04:04:55',1088,1,False,129,8,25,7,5.16,7,1,7,25,4,25,5,0,1,336.36,3,False
9,'2008-08-07 04:20:47',2040,2,True,141,7,12,9,11.75,9,1,8,12,9,12,9,0,2,284.09,2,False
9,'2008-08-07 04:25:22',2315,3,False,126,9,16,8,7.88,1,1,9,16,7,16,8,0,3,226.65,1,True
9,'2008-08-07 05:05:34',4727,4,False,602,4,91,4,6.62,3,7,3,13,8,23,6,0,4,1523.48,6,False
9,'2008-08-07 19:20:00',55993,5,False,708,2,110,3,6.44,4,18,1,6.11,2,33,3,0,5,1862.9929,8,True
9,'2008-08-08 23:17:12',156625,6,False,1250,1,205,1,6.1,5,8,2,25.62,3,67,1,0.01,9,3522.6018,9,False
9,'2008-09-09 22:49:56',2919789,7,False,381,6,52,5,7.33,2,3,6,17.33,6,26,4,0,6,840.7687,5,False
9,'2008-09-18 14:28:50',3667323,8,False,684,3,113,2,6.05,6,5,5,22.6,5,41,2,0,7,1845.824,7,False
9,'2012-02-10 19:00:40',110819633,9,False,601,5,49,6,12.27,8,6,4,8.17,1,19,7,0,8,837.1963,4,False
1,'2008-08-08 05:46:48',636,1,False,529,1,90,1,5.88,1,5,1,18,1,47,1,0,1,1348.43,1,True
4,'2008-08-12 11:23:28',541,1,False,799,2,147,2,5.44,3,10,1,14.7,4,26,4,0.01,3,2031.543,3,False
4,'2008-08-13 01:34:06',51579,2,False,525,4,97,4,5.41,4,4,3,24.25,3,49,3,0,1,1386.2675,1,False
4,'2008-08-14 17:37:54',195807,3,False,1756,1,213,1,8.24,1,6,2,35.5,2,120,1,0.01,4,4151.855,4,False
4,'2008-09-22 04:02:03',3516456,4,True,651,3,108,3,6.03,2,3,4,36,1,72,2,0,2,1603.25,2,True
2,'2008-08-13 16:35:51',355,1,False,156,2,21,1,7.43,1,2,1,10.5,2,15,2,0,1,401.505,1,False
2,'2008-08-13 16:54:08',1452,2,False,174,1,17,2,10.24,2,1,2,17,1,17,1,0,2,545.64,2,False
3,'2008-08-14 03:08:02',1704,1,False,281,2,50,2,5.62,1,4,2,12.5,3,20,2,0,1,874.285,2,False
3,'2008-08-14 03:21:02',2484,2,False,706,1,129,1,5.47,2,8,1,16.12,2,43,1,0.01,3,1890.4968,3,False
3,'2008-08-15 04:24:56',92718,3,True,65,3,13,3,5,3,2,3,6.5,1,10,3,0,2,187.545,1,False
8,'2008-08-18 13:47:41',326360,1,True,2809,2,339,2,8.29,2,31,1,10.94,8,84,3,0.04,7,4980.0766,7,False
8,'2009-03-29 02:12:51',19551870,2,False,440,6,76,5,5.79,7,5,4,15.2,4,25,5,0,1,1288.338,3,False
8,'2010-06-01 00:38:22',56611801,3,False,196,7,32,7,6.12,5,2,7,16,3,23,7,0,2,592.45,2,False
8,'2010-06-01 08:59:49',56641888,4,False,157,8,26,8,6.04,6,2,8,13,7,24,6,0,3,449.68,1,False
8,'2010-06-01 21:19:14',56686253,5,False,443,5,72,6,6.15,4,5,5,14.4,5,23,8,0,4,1370.626,4,False
8,'2011-01-25 09:50:51',77208150,6,False,950,3,144,3,6.6,3,10,3,14.4,6,43,4,0,5,2515.226,6,True
8,'2011-08-20 16:57:40',95118559,7,False,7092,1,721,1,9.84,1,26,2,27.73,2,115,1,0.17,8,12196.4247,8,True
8,'2012-04-02 15:43:35',114640514,8,False,786,4,139,4,5.65,8,3,6,46.33,1,107,2,0.01,6,1949.4787,5,False
10,'2008-08-16 05:23:09',1080,1,True,551,4,102,4,5.4,5,5,4,20.4,7,41,4,0,1,1467.366,6,False
10,'2008-08-16 05:27:22',1333,2,False,796,2,124,2,6.42,1,7,2,17.71,8,24,7,0,2,2186.1169,9,True
10,'2008-08-16 05:34:03',1734,3,False,239,7,46,7,5.2,8,2,7,23,5,26,6,0,3,536.18,4,False
10,'2008-08-16 06:58:31',6802,4,False,52,10,10,10,5.2,9,1,9,10,10,10,9,0,4,94.51,1,False
10,'2008-08-16 08:44:31',13162,5,False,63,9,12,9,5.25,7,2,8,6,3,7,10,0,5,128.35,2,False
10,'2008-08-16 09:26:18',15669,6,False,212,8,36,8,5.89,3,4,6,9,1,15,8,0,6,495.32,3,False
10,'2008-08-16 11:21:08',22559,7,False,1202,1,213,1,5.64,4,8,1,26.62,4,64,1,0.01,10,3062.7918,10,False
10,'2008-09-09 22:59:23',2138054,8,False,671,3,112,3,5.99,2,5,5,22.4,6,55,3,0,7,1680.546,8,False
10,'2008-09-10 09:13:12',2174883,9,False,485,5,90,5,5.39,6,6,3,15,9,28,5,0,8,1477.06,7,False
10,'2010-12-13 20:03:44',73407515,10,False,304,6,62,6,4.9,10,1,10,62,2,62,2,0,9,740.19,5,False
2,'2008-08-17 14:52:09',249,1,True,464,2,74,2,6.27,1,3,2,24.67,1,35,2,0,1,1327.4313,1,False
2,'2008-08-17 17:36:21',10101,2,False,832,1,144,1,5.78,2,8,1,18,2,38,1,0,2,2327.83,2,False
5,'2008-08-18 19:47:19',340,1,False,832,2,154,1,5.4,4,5,2,30.8,1,50,1,0,1,2486.222,5,False
5,'2008-08-18 19:47:42',363,2,False,117,5,19,5,6.16,2,1,5,19,3,19,5,0,2,275.02,1,False
5,'2008-08-18 19:50:18',519,3,True,311,4,61,3,5.1,5,2,4,30.5,2,33,2,0,3,751.505,2,False
5,'2008-08-18 19:50:22',523,4,False,876,1,143,2,6.13,3,10,1,14.3,5,22,3,0,4,2444.387,4,True
5,'2008-08-18 20:29:14',2855,5,False,378,3,56,4,6.75,1,3,3,18.67,4,22,4,0,5,994.6913,3,False
91,'2008-08-19 01:51:22',919,1,False,32,91,4,91,8,10,1,75,4,25,4,91,0,1,92.17,1,False
91,'2008-08-19 02:03:53',1670,2,False,127,77,22,72,5.77,67,3,31,7.33,12,10,86,0,2,317.6687,13,False
91,'2008-08-19 02:06:42',1839,3,False,395,43,44,52,8.98,3,2,51,22,48,30,45,0,3,913.39,47,True
91,'2008-08-19 16:47:35',54692,4,False,534,31,85,31,6.28,45,7,8,12.14,82,28,49,0,4,1570.3446,63,False
91,'2008-08-19 20:09:17',66794,5,False,585,30,85,32,6.88,28,3,32,28.33,37,50,21,0,5,1871.6587,67,False
91,'2008-08-20 10:07:43',117100,6,False,190,65,38,55,5,84,2,52,19,57,27,51,0,6,522.82,29,False
91,'2008-08-20 11:30:49',122086,7,False,483,33,96,26,5.03,83,3,33,32,30,38,33,0,7,1377.49,62,False
91,'2008-08-29 19:17:46',927703,8,False,239,58,35,60,6.83,31,3,34,11.67,85,14,76,0,8,685.1613,37,False
91,'2008-08-29 19:29:40',928417,9,False,722,19,112,19,6.45,41,4,18,28,38,50,22,0,9,1965.93,72,False
91,'2008-08-29 19:36:48',928845,10,False,151,71,27,66,5.59,73,3,35,9,4,19,63,0,10,459.92,25,False
91,'2008-09-02 12:57:04',1250461,11,False,403,40,73,38,5.52,75,3,36,24.33,42,57,17,0,11,772.6987,41,False
91,'2008-09-03 00:33:17',1292234,12,False,258,55,42,53,6.14,47,1,76,42,24,42,29,0,12,779.59,42,False
91,'2008-09-03 01:29:39',1295616,13,False,155,69,29,65,5.34,80,2,53,14.5,74,19,64,0,13,473.865,27,False
91,'2008-09-03 21:51:46',1368943,14,False,592,29,100,24,5.92,58,2,54,50,18,78,10,0,14,1620.51,64,False
91,'2008-09-04 15:55:03',1433940,15,False,224,60,46,51,4.87,85,3,37,15.33,69,17,69,0,15,603.9887,33,False
91,'2008-09-06 09:07:16',1582273,16,False,367,45,63,41,5.83,62,4,19,15.75,67,24,53,0,16,1123.3525,53,False
91,'2008-09-06 14:27:50',1601507,17,False,1216,7,144,9,8.44,6,2,55,72,10,135,3,0.01,82,3186.69,86,False
91,'2008-09-08 13:24:57',1770534,18,False,55,90,10,90,5.5,76,1,77,10,91,10,87,0,17,153.51,3,False
91,'2008-09-08 16:38:47',1782164,19,False,88,85,12,86,7.33,23,2,56,6,14,10,88,0,18,222.75,6,False
91,'2008-09-09 21:10:31',1884868,20,False,358,46,56,45,6.39,44,3,38,18.67,61,44,27,0,19,912.0913,46,False
91,'2008-09-10 17:20:11',1957448,21,False,122,79,23,70,5.3,81,1,78,23,45,23,55,0,20,347.38,18,False
91,'2008-09-11 01:15:19',1985956,22,False,157,68,27,67,5.81,64,2,57,13.5,79,20,61,0,21,390.875,20,False
91,'2008-09-11 02:09:12',1989189,23,False,114,82,14,84,8.14,9,1,79,14,77,14,77,0,22,320.27,15,False
91,'2008-09-15 15:50:33',2384070,24,False,63,89,13,85,4.85,86,1,80,13,80,13,82,0,23,154.68,4,False
91,'2008-09-15 15:55:15',2384352,25,False,153,70,20,75,7.65,16,1,81,20,53,20,62,0,24,440.61,24,False
91,'2008-09-15 16:08:02',2385119,26,False,345,49,53,46,6.51,40,1,82,53,17,53,18,0,25,878.28,45,False
91,'2008-09-15 16:19:57',2385834,27,False,212,62,35,61,6.06,50,3,39,11.67,86,16,71,0,26,637.9613,35,False
91,'2008-09-15 16:49:51',2387628,28,False,473,34,62,42,7.63,17,4,20,15.5,68,28,50,0,27,1170.455,54,True
91,'2008-09-16 18:35:19',2480356,29,False,667,23,112,20,5.96,52,4,21,28,39,53,19,0,28,1659.13,65,False
91,'2008-09-16 20:01:59',2485556,30,False,244,57,47,50,5.19,82,2,58,23.5,44,38,34,0,29,595.375,32,False
91,'2008-09-17 11:39:29',2541806,31,False,399,41,58,44,6.88,29,3,40,19.33,56,40,30,0,30,1006.7487,48,True
91,'2008-09-17 13:23:06',2548023,32,False,131,74,22,73,5.95,53,2,59,11,88,12,84,0,31,319.1,14,False
91,'2008-09-17 17:37:59',2563316,33,False,683,22,101,23,6.76,33,5,14,20.2,52,36,37,0,32,1962.888,71,True
91,'2008-09-19 13:02:49',2719606,34,False,699,21,90,29,7.77,14,4,22,22.5,46,50,23,0,33,1916.585,69,False
91,'2008-09-19 13:35:12',2721549,35,False,776,17,94,27,8.26,7,1,83,94,2,94,6,0,34,2027.07,73,False
91,'2008-09-24 19:37:07',3175264,36,False,833,16,146,8,5.71,70,5,15,29.2,35,70,13,0,35,2225.998,78,False
91,'2008-09-26 03:30:29',3290066,37,False,644,24,98,25,6.57,36,1,84,98,1,98,5,0,36,1910.63,68,False
91,'2008-09-26 13:06:23',3324620,38,False,223,61,25,68,8.92,4,3,41,8.33,9,16,72,0,37,589.4587,31,False
91,'2008-09-27 01:11:17',3368114,39,False,891,13,125,14,7.13,25,9,4,13.89,78,33,43,0,38,2491.4271,80,True
91,'2008-09-28 15:45:22',3506959,40,False,232,59,36,57,6.44,42,1,85,36,27,36,38,0,39,553.05,30,False
91,'2008-10-03 21:59:37',3961414,41,False,519,32,85,33,6.11,48,4,23,21.25,49,52,20,0,40,1278.8975,59,False
91,'2008-10-06 18:14:51',4207128,42,False,626,25,115,17,5.44,78,4,24,28.75,36,38,35,0,41,1706.6225,66,False
91,'2008-10-23 14:18:16',5661733,43,False,289,53,41,54,7.05,27,2,60,20.5,51,25,52,0,42,688.605,38,False
91,'2008-10-27 00:03:39',5956056,44,False,122,80,12,87,10.17,91,2,61,6,15,8,90,0,43,175.55,5,True
91,'2008-10-27 00:12:44',5956601,45,False,1337,6,135,12,9.9,1,2,62,67.5,13,90,8,0,44,2583.135,83,False
91,'2008-11-03 17:02:46',6622003,46,False,357,47,60,43,5.95,54,3,42,20,54,34,40,0,45,1018.81,49,False
91,'2008-11-12 16:59:39',7399416,47,False,388,44,67,40,5.79,65,3,43,22.33,47,34,41,0,46,1232.1187,56,False
91,'2008-11-20 20:19:01',8102578,48,False,83,87,11,89,7.55,19,1,86,11,89,11,85,0,47,236.5,7,False
91,'2008-11-26 19:04:22',8616499,49,False,211,63,36,58,5.86,61,2,63,18,62,34,42,0,48,439.83,23,False
91,'2008-12-03 06:21:29',9175526,50,False,322,50,48,49,6.71,34,1,87,48,20,48,24,0,49,829.13,43,True
91,'2008-12-04 19:51:57',9310554,51,False,617,26,91,28,6.78,32,6,10,15.17,70,22,57,0,50,1949.1263,70,False
91,'2009-01-01 05:19:38',11677415,52,False,459,35,70,39,6.56,37,4,25,17.5,63,35,39,0,51,1242.035,57,False
91,'2009-01-29 17:44:43',14141320,53,False,115,81,19,76,6.05,51,2,64,9.5,3,13,83,0,52,306.715,12,False
91,'2009-02-04 15:58:41',14653358,54,False,734,18,114,18,6.44,43,8,6,14.25,76,29,46,0,53,2161.1675,76,True
91,'2009-02-04 16:52:03',14656560,55,False,284,54,36,59,7.89,11,3,44,12,83,24,54,0,54,673.49,36,True
91,'2009-02-17 12:56:31',15765628,56,False,981,11,127,13,7.72,15,6,11,21.17,50,48,25,0,55,2057.6663,74,False
91,'2009-02-17 13:22:17',15767174,57,False,718,20,118,16,6.08,49,5,16,23.6,43,40,31,0.01,83,2058.614,75,False
91,'2009-02-17 13:25:09',15767346,58,False,129,75,17,80,7.59,18,2,65,8.5,6,15,74,0,56,424.325,22,False
91,'2009-02-18 21:10:20',15881657,59,False,890,14,120,15,7.42,22,4,26,30,31,75,11,0.01,84,2190.91,77,True
91,'2009-02-22 07:22:36',16177593,60,False,4398,1,513,1,8.57,5,11,1,46.64,21,287,1,0.05,91,10846.7996,91,False
91,'2009-04-20 03:26:55',21088252,61,False,88,86,15,83,5.87,60,1,88,15,71,15,75,0,57,238.06,8,False
91,'2009-05-12 03:47:42',22990299,62,False,125,78,21,74,5.95,55,4,27,5.25,19,14,78,0,58,281.4575,11,True
91,'2009-06-03 14:32:26',24929783,63,False,1179,10,107,21,11.02,90,3,45,35.67,28,43,28,0,59,2547.1213,81,False
91,'2009-06-04 09:06:47',24996644,64,False,1202,8,209,6,5.75,68,7,9,29.86,33,74,12,0.01,85,3028.6554,84,False
91,'2009-06-11 20:10:28',25641265,65,False,905,12,138,10,6.56,38,11,2,12.55,81,19,65,0,60,2479.1045,79,True
91,'2009-06-22 01:17:28',26523685,66,False,196,64,30,64,6.53,39,2,66,15,72,19,66,0,61,521.26,28,False
91,'2009-06-22 02:46:05',26529002,67,False,1594,5,268,3,5.95,56,9,5,29.78,34,89,9,0.01,86,3654.0242,88,False
91,'2009-06-22 15:10:26',26573663,68,False,137,73,24,69,5.71,71,2,67,12,84,14,79,0,62,354.89,19,False
91,'2009-07-28 03:21:04',29641501,69,False,250,56,38,56,6.58,35,2,68,19,58,21,59,0,63,723.42,39,True
91,'2009-08-14 09:35:40',31132777,70,False,2444,2,299,2,8.17,8,10,3,29.9,32,94,7,0.01,87,6710.271,90,False
91,'2009-08-20 10:06:32',31653029,71,False,77,88,17,81,4.53,87,2,69,8.5,7,14,80,0,64,105.725,2,False
91,'2009-11-04 15:00:01',38237038,72,False,1668,4,212,5,7.87,13,3,46,70.67,11,190,2,0.01,88,3410.3713,87,False
91,'2009-11-26 18:43:48',40151265,73,False,842,15,137,11,6.15,46,8,7,17.12,64,29,47,0,65,2563.4868,82,False
91,'2009-11-26 19:03:03',40152420,74,False,428,38,74,37,5.78,66,5,17,14.8,73,23,56,0,66,1205.582,55,False
91,'2009-11-27 08:39:36',40201413,75,False,398,42,53,47,7.51,20,2,70,26.5,40,38,36,0,67,1068.545,51,False
91,'2009-12-02 16:28:17',40661534,76,False,183,66,34,62,5.38,79,4,28,8.5,8,14,81,0,68,412.525,21,False
91,'2009-12-03 07:08:29',40714346,77,False,100,84,17,82,5.88,59,1,89,17,65,17,70,0,69,274.24,10,False
91,'2009-12-07 11:59:37',41077414,78,False,297,52,19,77,15.63,88,1,90,19,59,19,67,0,70,723.42,40,True
91,'2009-12-16 23:47:36',41897493,79,False,597,28,87,30,6.86,30,6,12,14.5,75,29,48,0,71,1358.865,61,False
91,'2010-01-09 20:04:01',43957678,80,False,150,72,19,78,7.89,12,1,91,19,60,19,68,0,72,345.82,17,False
91,'2010-01-14 11:59:43',44360620,81,False,163,67,12,88,13.58,89,2,71,6,16,10,89,0,73,470.55,26,True
91,'2010-01-22 22:33:07',45089824,82,False,425,39,78,35,5.45,77,4,29,19.5,55,39,32,0,74,1030.415,50,False
91,'2010-01-25 07:20:06',45294243,83,False,129,76,23,71,5.61,72,2,72,11.5,87,21,60,0,75,342.895,16,False
91,'2010-01-25 09:45:51',45302988,84,False,1941,3,259,4,7.49,21,6,13,43.17,22,108,4,0.02,90,4426.2463,89,False
91,'2010-02-19 05:29:42',47447619,85,False,107,83,18,79,5.94,57,2,73,9,5,16,73,0,76,271.12,9,False
91,'2010-03-03 15:17:48',48519705,86,False,1202,9,170,7,7.07,26,4,30,42.5,23,48,26,0.01,89,3127.985,85,False
91,'2010-06-09 09:07:06',56964663,87,False,315,51,33,63,9.55,2,3,47,11,90,22,58,0,77,637.7,34,False
91,'2010-06-21 23:04:28',58051705,88,False,436,37,76,36,5.74,69,2,74,38,26,66,15,0,78,1250.03,58,False
91,'2010-06-28 04:36:04',58590001,89,False,438,36,79,34,5.54,74,3,48,26.33,41,58,16,0,79,1115.6787,52,True
91,'2010-06-30 08:06:02',58775399,90,False,600,27,103,22,5.83,63,3,49,34.33,29,67,14,0,80,1354.7987,60,False
91,'2010-07-05 18:22:40',59244397,91,False,350,48,49,48,7.14,24,3,50,16.33,66,33,44,0,81,863.9787,44,False
15,'2008-08-19 02:08:52',457,1,False,1098,8,198,7,5.55,11,13,6,15.23,10,35,7,0.01,8,2916.7497,9,False
15,'2008-08-19 02:14:21',786,2,False,1099,7,203,6,5.41,14,17,3,11.94,13,30,9,0.01,9,2868.2666,8,False
15,'2008-08-19 02:16:13',898,3,False,1567,3,262,3,5.98,4,16,5,16.38,8,27,10,0.01,10,4698.9982,14,False
15,'2008-08-19 02:18:53',1058,4,False,221,12,38,12,5.82,6,4,10,9.5,1,15,14,0,1,660.715,4,False
15,'2008-08-19 02:40:53',2378,5,False,58,15,11,15,5.27,15,1,14,11,15,11,15,0,2,165.7,1,False
15,'2008-08-19 03:05:46',3871,6,False,703,9,116,9,6.06,3,10,7,11.6,14,38,6,0,3,2006.734,7,False
15,'2008-08-19 03:26:05',5090,7,False,426,11,77,10,5.53,12,2,12,38.5,2,47,3,0,4,1226.625,5,False
15,'2008-08-19 10:37:01',30946,8,False,1141,6,208,5,5.49,13,10,8,20.8,5,45,4,0.01,11,3379.122,11,False
15,'2008-08-20 15:01:17',133202,9,False,1892,1,327,1,5.79,8,20,1,16.35,9,44,5,0.02,15,5725.5865,15,False
15,'2008-08-20 15:59:56',136721,10,False,123,14,22,14,5.59,10,1,15,22,3,22,12,0,5,358.79,2,False
15,'2008-08-20 20:30:31',152956,11,False,160,13,28,13,5.71,9,2,13,14,11,25,11,0,6,414.67,3,False
15,'2008-08-22 04:16:31',267316,12,False,1675,2,289,2,5.8,7,17,4,17,7,57,1,0.01,12,4675.64,13,False
15,'2008-08-26 09:26:48',631533,13,False,1165,5,198,8,5.88,5,9,9,22,4,52,2,0.01,13,3013.79,10,False
15,'2008-08-26 09:37:06',632151,14,False,427,10,69,11,6.19,2,4,11,17.25,6,32,8,0,7,1300.9375,6,False
15,'2008-08-26 14:09:02',648467,15,False,1339,4,216,4,6.2,1,18,2,12,12,22,13,0.01,14,4083.69,12,False
6,'2008-08-19 15:59:41',110,1,False,303,2,51,2,5.94,3,2,2,25.5,4,35,3,0,1,832.155,5,False
6,'2008-08-19 16:00:46',175,2,False,253,4,38,4,6.66,2,2,3,19,5,27,5,0,2,770.62,3,False
6,'2008-08-19 16:01:11',200,3,False,122,6,26,6,4.69,6,2,4,13,6,22,6,0,3,308.08,1,False
6,'2008-08-19 16:16:08',1097,4,False,557,1,111,1,5.02,5,4,1,27.75,3,69,1,0,4,1446.6325,6,False
6,'2008-08-19 16:18:23',1232,5,False,234,5,32,5,7.31,1,1,5,32,2,32,4,0,5,669.49,2,False
6,'2008-08-19 16:19:51',1320,6,True,269,3,50,3,5.38,4,1,6,50,1,50,2,0,6,806.31,4,False
3,'2008-08-19 17:49:45',142,1,False,225,3,39,2,5.77,3,4,1,9.75,1,17,2,0,1,613.6125,1,False
3,'2008-08-19 17:50:47',204,2,True,433,1,65,1,6.66,2,3,2,21.67,2,36,1,0,2,1302.6613,3,False
3,'2008-08-19 17:54:41',438,3,False,245,2,34,3,7.21,1,3,3,11.33,3,12,3,0,3,696.8287,2,False
3,'2008-08-20 20:02:48',171,1,True,753,2,123,1,6.12,3,2,2,61.5,1,95,1,0.01,2,1093.995,2,False
3,'2013-04-27 04:11:02',147773465,2,False,789,1,95,2,8.31,1,15,1,6.33,2,15,3,0.01,3,1273.0787,3,False
3,'2014-05-05 15:05:42',180039945,3,False,119,3,19,3,6.26,2,1,3,19,3,19,2,0,1,322.22,1,False
4,'2008-08-21 19:01:33',89,1,False,70,4,15,4,4.67,4,1,4,15,4,15,4,0,1,167.26,1,False
4,'2008-08-21 19:46:32',2788,2,False,129,3,23,3,5.61,2,3,1,7.67,1,17,3,0,2,400.4013,2,False
4,'2008-08-22 12:11:27',61883,3,True,262,1,47,1,5.57,3,2,2,23.5,2,27,1,0,3,784.175,4,False
4,'2009-03-14 13:46:54',17693210,4,False,235,2,34,2,6.91,1,2,3,17,3,25,2,0,4,675.44,3,False
6,'2008-08-25 20:37:35',1426,1,False,105,5,21,5,5,5,2,4,10.5,6,11,5,0,1,248.105,2,False
6,'2008-08-25 20:39:18',1529,2,False,355,2,71,2,5,6,5,2,14.2,3,24,2,0,2,992.948,5,False
6,'2008-08-26 10:08:09',50060,3,False,80,6,13,6,6.15,2,2,5,6.5,1,8,6,0,3,246.545,1,False
6,'2009-02-06 06:13:13',14205564,4,False,1423,1,226,1,6.3,1,13,1,17.38,2,38,1,0.01,6,4050.3882,6,False
6,'2012-02-24 07:41:49',110374080,5,False,130,4,24,4,5.42,4,2,6,12,4,14,4,0,4,343.09,3,False
6,'2012-12-02 05:53:38',134732389,6,False,215,3,36,3,5.97,3,3,3,12,5,21,3,0,5,579.09,4,False
7,'2008-08-25 23:30:42',2320,1,False,412,2,77,2,5.35,5,6,1,12.83,7,29,4,0,1,1228.4137,6,False
7,'2008-08-25 23:47:38',3336,2,False,1245,1,180,1,6.92,1,6,2,30,3,66,1,0.01,7,2568.51,7,False
7,'2008-08-26 07:16:23',30261,3,True,391,3,61,3,6.41,2,3,3,20.33,5,40,2,0,2,924.5387,5,False
7,'2008-08-26 12:32:05',49203,4,False,214,4,38,4,5.63,4,1,6,38,2,38,3,0,3,542.03,4,False
7,'2011-07-07 10:34:00',90330118,5,False,162,6,27,5,6,3,2,4,13.5,6,14,6,0,4,390.875,2,False
7,'2013-09-12 10:27:09',159276907,6,False,172,5,15,7,11.47,7,2,5,7.5,1,13,7,0,5,541.935,3,True
7,'2014-08-08 10:30:37',187789115,7,False,128,7,24,6,5.33,6,1,7,24,4,24,5,0,6,276.97,1,False
4,'2008-08-27 04:54:19',329,1,False,293,3,55,3,5.33,4,1,4,55,1,55,1,0,1,737.46,2,False
4,'2008-08-27 05:25:26',2196,2,False,473,1,82,1,5.77,2,3,2,27.33,2,40,2,0,2,1328.4687,4,False
4,'2008-08-27 05:36:15',2845,3,False,390,2,68,2,5.74,3,5,1,13.6,4,19,4,0,3,1039.914,3,False
4,'2008-09-17 18:50:05',1864875,4,True,173,4,29,4,5.97,1,2,3,14.5,3,24,3,0,4,403.065,1,False
6,'2008-08-27 23:47:06',45,1,False,251,3,40,4,6.28,1,4,2,10,5,13,6,0,1,601.91,3,False
6,'2008-08-27 23:48:44',143,2,True,194,5,36,5,5.39,3,3,4,12,4,15,5,0,2,472.89,2,False
6,'2008-08-27 23:49:08',167,3,False,250,4,47,3,5.32,4,3,5,15.67,3,20,2,0,3,686.7213,4,False
6,'2008-08-27 23:51:22',301,4,False,102,6,20,6,5.1,5,2,6,10,6,18,4,0,4,200.71,1,False
6,'2008-08-27 23:52:53',392,5,False,540,1,110,1,4.91,6,5,1,22,1,42,1,0,5,1562.39,6,False
6,'2008-08-27 23:55:52',571,6,False,344,2,63,2,5.46,2,4,3,15.75,2,19,3,0,6,899.1525,5,False
5,'2008-08-29 17:58:50',60,1,True,176,4,28,4,6.29,4,1,4,28,3,28,3,0,1,455.53,2,False
5,'2008-08-29 17:59:42',112,2,False,90,5,14,5,6.43,2,2,3,7,1,7,5,0,2,223.14,1,False
5,'2008-08-29 18:46:33',2923,3,False,263,3,41,2,6.41,3,3,1,13.67,5,16,4,0,3,638.7413,4,False
5,'2008-08-29 18:57:57',3607,4,False,291,1,50,1,5.82,5,3,2,16.67,4,30,2,0,4,687.1113,5,False
5,'2013-06-02 09:25:19',150132449,5,False,272,2,39,3,6.97,1,1,5,39,2,39,1,0,5,613.22,3,False
2,'2008-08-30 19:23:21',871,1,False,553,2,53,2,10.43,2,4,2,13.25,2,19,2,0,1,1535.3775,1,True
2,'2008-08-30 19:25:42',1012,2,True,1058,1,197,1,5.37,1,7,1,28.14,1,44,1,0.01,2,3204.9846,2,False
9,'2008-08-30 22:29:19',124,1,False,177,8,35,8,5.06,9,1,9,35,1,35,6,0,1,517.26,2,False
9,'2008-08-30 22:34:14',419,2,False,336,6,61,5,5.51,6,3,7,20.33,3,40,4,0,2,936.3387,4,False
9,'2008-08-30 22:35:47',512,3,False,509,4,77,4,6.61,2,4,3,19.25,5,39,5,0,3,1431.5175,7,False
9,'2008-08-30 22:36:09',534,4,False,140,9,26,9,5.38,8,2,8,13,9,14,9,0,4,319.88,1,False
9,'2008-08-30 22:53:41',1586,5,True,538,3,81,3,6.64,1,4,4,20.25,4,45,2,0,5,1266.7075,6,False
9,'2008-08-31 01:07:04',9589,6,False,288,7,53,7,5.43,7,4,5,13.25,8,16,8,0,6,768.3775,3,False
9,'2008-08-31 14:04:39',56244,7,False,788,2,136,2,5.79,5,8,2,17,6,44,3,0,7,2150.44,8,False
9,'2008-09-04 14:53:27',404772,8,False,2271,1,384,1,5.91,4,15,1,25.6,2,49,1,0.03,9,6602.394,9,False
9,'2008-09-04 15:12:21',405906,9,False,357,5,59,6,6.05,3,4,6,14.75,7,19,7,0,8,969.5625,5,False
6,'2008-08-30 23:02:07',1515,1,False,1455,1,250,2,5.82,1,24,1,10.42,6,20,4,0.01,3,4307.2738,6,False
6,'2008-08-30 23:04:36',1664,2,False,51,6,9,6,5.67,2,1,6,9,1,9,6,0,1,153.12,1,False
6,'2008-08-30 23:11:30',2078,3,False,190,5,35,5,5.43,6,5,5,7,2,13,5,0,2,518.14,2,False
6,'2008-08-30 23:17:59',2467,4,False,1454,2,264,1,5.51,5,16,2,16.5,5,31,2,0.01,4,4061.845,5,False
6,'2008-08-30 23:24:07',2835,5,False,953,4,172,4,5.54,4,10,3,17.2,4,27,3,0.01,5,2799.518,3,False
6,'2008-09-02 09:37:49',212457,6,True,1049,3,185,3,5.67,3,9,4,20.56,3,37,1,0.01,6,3084.0284,4,False
6,'2008-08-31 04:06:54',565,1,False,489,3,83,3,5.89,5,5,3,16.6,5,30,4,0,1,1359.684,4,False
6,'2008-08-31 09:21:23',19434,2,False,386,5,74,4,5.22,6,4,4,18.5,4,23,5,0,2,982.825,2,False
6,'2008-08-31 09:22:12',19483,3,False,1032,2,161,2,6.41,4,7,2,23,3,35,3,0.01,6,2707.38,5,False
6,'2008-08-31 09:23:12',19543,4,True,1334,1,189,1,7.06,3,8,1,23.62,2,48,1,0,3,3156.0218,6,False
6,'2011-03-29 11:10:36',81241987,5,False,251,6,26,6,9.65,1,2,5,13,6,15,6,0,4,544.08,1,False
6,'2012-08-01 22:11:38',123704049,6,False,434,4,58,5,7.48,2,2,6,29,1,44,2,0,5,1022.32,3,False
8,'2008-09-01 13:26:42',232,1,False,275,7,44,7,6.25,1,3,6,14.67,7,20,7,0,1,745.3313,2,False
8,'2008-09-01 13:28:17',327,2,False,215,8,37,8,5.81,5,2,7,18.5,4,25,5,0,2,617.025,1,False
8,'2008-09-01 13:43:57',1267,3,False,631,3,106,3,5.95,4,6,3,17.67,5,41,2,0,3,1773.1013,6,False
8,'2008-09-01 13:46:15',1405,4,False,364,6,70,6,5.2,8,2,8,35,2,40,3,0,4,1095.46,3,False
8,'2008-09-01 13:49:48',1618,5,False,893,2,157,2,5.69,7,9,1,17.44,6,25,6,0.01,7,2457.4116,7,False
8,'2008-09-01 13:50:03',1633,6,False,597,4,97,4,6.15,3,4,5,24.25,3,30,4,0,5,1740.2675,5,False
8,'2008-09-01 13:53:17',1827,7,False,1647,1,265,1,6.22,2,7,2,37.86,1,117,1,0.01,8,3940.3754,8,False
8,'2008-09-01 14:00:14',2244,8,False,435,5,76,5,5.72,6,6,4,12.67,8,17,8,0,6,1240.1513,4,False
3,'2008-09-01 17:45:22',676,1,False,142,3,22,3,6.45,1,1,2,22,2,22,3,0,1,311.59,1,False
3,'2008-09-01 17:52:38',1112,2,True,681,1,113,1,6.03,2,7,1,16.14,3,26,2,0,2,1961.3046,3,True
3,'2008-09-01 18:18:23',2657,3,False,223,2,37,2,6.03,3,1,3,37,1,37,1,0,3,612.44,2,False
6,'2008-09-02 19:01:09',273,1,False,221,6,37,6,5.97,2,2,4,18.5,5,27,5,0,1,593.425,1,False
6,'2008-09-02 19:06:00',564,2,True,223,5,38,5,5.87,3,2,5,19,4,29,4,0,2,640.82,2,False
6,'2008-09-02 19:13:49',1033,3,False,279,4,50,4,5.58,4,3,3,16.67,6,23,6,0,3,769.7113,3,False
6,'2008-09-03 01:42:15',24339,4,False,1700,2,149,1,11.41,6,5,1,29.8,2,102,1,0.01,6,3807.432,5,False
6,'2008-09-03 12:36:16',63580,5,False,402,3,64,3,6.28,1,2,6,32,1,44,3,0,4,1058.89,4,False
6,'2008-10-12 23:06:16',3470980,6,False,1904,1,144,2,13.22,5,5,2,28.8,3,82,2,0,5,4220.042,6,False
8,'2008-09-03 15:13:51',170,1,True,702,3,108,2,6.5,3,5,1,21.6,2,31,3,0,1,1656.634,6,False
8,'2008-09-03 16:36:55',5154,2,False,107,7,23,7,4.65,7,2,6,11.5,8,12,7,0,2,201.295,2,False
8,'2008-09-04 00:48:06',34625,3,False,281,5,51,5,5.51,6,3,2,17,5,20,6,0,3,687.24,4,False
8,'2010-03-10 22:31:12',47805611,4,False,341,4,53,4,6.43,4,3,3,17.67,4,27,4,0,4,829.1013,5,False
8,'2011-08-26 08:23:56',93892375,5,False,261,6,44,6,5.93,5,3,4,14.67,6,21,5,0,5,662.7313,3,False
8,'2012-01-16 16:44:50',106277629,6,False,1149,1,126,1,9.12,1,1,7,126,7,126,1,0.01,8,2747.55,8,False
8,'2012-08-20 01:35:24',124971863,7,False,933,2,105,3,8.89,2,3,5,35,1,76,2,0,6,2027.66,7,False
8,'2012-10-20 13:56:14',130286713,8,False,43,8,2,8,21.5,8,1,8,2,3,2,8,0,7,114.99,1,False
9,'2008-09-04 12:21:32',527,1,False,254,4,36,6,7.06,3,2,3,18,8,29,5,0,1,487.03,6,False
9,'2008-09-04 12:21:48',543,2,False,225,6,39,4,5.77,8,2,4,19.5,6,30,3,0,2,393.215,4,False
9,'2008-09-04 12:22:07',562,3,True,152,8,24,8,6.33,6,1,6,24,4,24,7,0,3,253.37,2,False
9,'2008-09-04 12:23:08',623,4,False,371,3,59,3,6.29,7,4,1,14.75,9,27,6,0,4,698.1625,7,False
9,'2008-09-04 12:35:08',1343,5,False,249,5,37,5,6.73,4,2,5,18.5,7,30,4,0,5,440.025,5,False
9,'2008-09-08 16:13:08',360023,6,False,523,2,79,1,6.62,5,1,7,79,1,79,1,0,6,888.42,8,False
9,'2012-02-10 09:19:33',108335208,7,False,205,7,28,7,7.32,2,4,2,7,3,12,9,0,7,270.34,3,False
9,'2013-05-17 07:25:53',148245188,8,False,594,1,79,2,7.52,1,1,8,79,2,79,2,0,8,1313.22,9,False
9,'2013-07-13 04:54:40',153160915,9,False,101,9,21,9,4.81,9,1,9,21,5,21,8,0,9,181.4,1,False
7,'2008-09-04 15:03:23',168,1,False,1269,1,208,1,6.1,1,4,2,52,1,82,1,0.01,7,3214.29,7,False
7,'2008-09-04 15:03:33',178,2,True,151,7,30,7,5.03,7,1,7,30,2,30,3,0,1,385.51,1,False
7,'2008-09-04 15:04:51',256,3,False,170,6,31,6,5.48,4,2,5,15.5,5,20,5,0,2,450.655,2,False
7,'2008-09-04 15:05:11',276,4,False,217,5,43,5,5.05,6,3,3,14.33,7,20,6,0,3,603.5987,3,False
7,'2008-09-04 15:05:29',294,5,False,313,4,56,4,5.59,3,2,6,28,3,48,2,0,4,703.33,4,False
7,'2008-09-04 15:06:24',349,6,False,421,3,77,2,5.47,5,5,1,15.4,6,20,7,0,5,993.416,5,False
7,'2008-09-04 15:55:14',3279,7,False,431,2,73,3,5.9,2,3,4,24.33,4,27,4,0,6,1091.2987,6,False
4,'2008-09-04 21:04:43',1707,1,False,873,1,159,1,5.49,4,8,1,19.88,3,46,1,0.01,4,2340.3632,4,False
4,'2008-09-04 21:28:32',3136,2,True,263,4,46,4,5.72,2,1,4,46,1,46,2,0,1,816.55,1,False
4,'2008-09-05 01:45:10',18534,3,False,584,3,104,2,5.62,3,4,3,26,2,40,3,0,2,1752.75,2,False
4,'2014-05-03 18:02:47',178579591,4,False,757,2,100,3,7.57,1,6,2,16.67,4,30,4,0,3,1996.9113,3,False
13,'2008-09-05 14:49:09',321,1,False,176,10,33,9,5.33,13,2,7,16.5,11,17,11,0,1,427.445,4,False
13,'2008-09-05 14:49:53',365,2,True,588,4,81,5,7.26,3,4,3,20.25,7,23,9,0,2,1266.7075,10,False
13,'2008-09-05 15:13:54',1806,3,False,504,5,86,4,5.86,12,3,5,28.67,2,56,2,0,3,1234.5913,9,False
13,'2010-02-12 20:40:50',45381422,4,False,2170,1,286,1,7.59,2,14,1,20.43,6,140,1,0.02,13,4712.3777,13,True
13,'2011-01-28 20:23:26',75620378,5,False,848,2,129,2,6.57,6,7,2,18.43,10,51,3,0,4,1950.3977,11,True
13,'2011-08-12 02:54:29',92491841,6,False,292,8,49,8,5.96,9,2,8,24.5,5,31,6,0,5,678.365,6,False
13,'2012-04-26 11:22:37',114813529,7,False,304,7,51,7,5.96,10,2,9,25.5,4,33,5,0,6,891.155,7,False
13,'2012-08-03 12:59:31',123372943,8,False,204,9,29,10,7.03,4,1,11,29,1,29,7,0,7,550.32,5,True
13,'2012-08-14 14:42:31',124329523,9,False,146,11,22,11,6.64,5,2,10,11,13,15,13,0,8,354.5,3,False
13,'2013-02-14 23:57:33',140260425,10,False,700,3,113,3,6.19,8,4,4,28.25,3,39,4,0,9,1989.6275,12,True
13,'2014-06-03 21:34:18',181205430,11,False,121,13,19,12,6.37,7,1,12,19,8,19,10,0,10,310.42,2,False
13,'2014-07-02 15:40:07',183689779,12,False,123,12,16,13,7.69,1,1,13,16,12,16,12,0,11,250.25,1,True
13,'2014-08-03 12:50:32',186444404,13,False,333,6,56,6,5.95,11,3,6,18.67,9,27,8,0,12,982.8913,8,False
8,'2008-09-05 18:31:52',160,1,True,894,2,127,4,7.04,1,7,3,18.14,4,31,2,0,1,2434.0846,8,False
8,'2008-09-05 18:39:34',622,2,False,302,6,45,6,6.71,2,2,6,22.5,2,31,3,0,2,830.985,4,False
8,'2010-09-01 00:57:33',62663301,3,False,368,5,57,5,6.46,4,4,4,14.25,7,18,7,0,3,933.9675,5,False
8,'2010-09-01 00:58:07',62663335,4,False,250,7,42,7,5.95,6,2,7,21,3,24,6,0,4,688.8,3,False
8,'2010-09-01 01:00:04',62663452,5,False,857,3,129,3,6.64,3,9,2,14.33,6,27,4,0,5,1818.9987,6,False
8,'2011-04-06 17:38:54',81472182,6,False,208,8,33,8,6.3,5,2,8,16.5,5,25,5,0,6,451.045,1,False
8,'2012-08-22 18:38:25',125021353,7,False,749,4,130,2,5.76,7,4,5,32.5,1,66,1,0,7,1967.685,7,False
8,'2014-06-22 12:48:20',182801948,8,False,1602,1,284,1,5.64,8,250,1,1.14,8,13,8,0.98,8,527.6546,2,False
11,'2008-09-08 00:54:09',35,1,False,429,4,66,4,6.5,6,6,3,11,11,20,9,0,1,1003.5,7,False
11,'2008-09-08 01:08:16',882,2,False,137,10,29,8,4.72,10,2,6,14.5,8,27,6,0,2,320.465,1,False
11,'2008-09-08 02:20:13',5199,3,False,376,5,59,5,6.37,7,3,5,19.67,6,23,7,0,3,1006.8813,8,False
11,'2008-09-08 12:26:49',41595,4,False,298,6,53,6,5.62,8,4,4,13.25,9,17,10,0,4,803.7775,6,False
11,'2008-09-08 12:33:54',42020,5,False,158,9,23,10,6.87,4,1,9,23,5,23,8,0,5,359.18,3,True
11,'2008-09-08 19:18:12',66278,6,False,131,11,8,11,16.38,11,1,10,8,1,8,11,0,6,353.33,2,True
11,'2008-09-08 19:51:37',68283,7,False,195,8,28,9,6.96,3,1,11,28,4,28,4,0,7,372.93,4,False
11,'2008-09-08 20:29:04',70530,8,True,1538,1,230,1,6.69,5,8,1,28.75,3,70,2,0.01,11,3995.8225,11,True
11,'2009-08-13 14:43:18',29339384,9,False,824,2,104,3,7.92,1,8,2,13,10,40,3,0,8,1830.28,10,False
11,'2010-03-26 14:05:30',48777116,10,False,212,7,38,7,5.58,9,2,7,19,7,28,5,0,9,487.42,5,False
11,'2012-07-25 20:03:57',122411423,11,False,822,3,105,2,7.83,2,2,8,52.5,2,83,1,0,10,1810.285,9,False
3,'2008-09-08 06:58:22',236,1,True,901,1,138,1,6.53,2,6,1,23,2,50,1,0,1,2270.78,3,False
3,'2008-09-08 12:31:01',20195,2,False,209,3,29,3,7.21,1,1,3,29,1,29,2,0,2,621.12,1,False
3,'2008-09-19 17:32:01',988655,3,False,260,2,53,2,4.91,3,5,2,10.6,3,28,3,0,3,625.744,2,False
4,'2008-09-08 19:02:26',2397,1,False,91,3,12,3,7.58,1,1,2,12,4,12,2,0,1,189.69,2,False
4,'2008-09-08 19:14:19',3110,2,False,110,2,15,2,7.33,2,3,1,5,2,6,4,0,2,293.16,3,False
4,'2008-09-20 23:55:10',1056761,3,False,53,4,9,4,5.89,4,1,3,9,1,9,3,0,3,105.92,1,False
4,'2011-11-01 13:31:41',99256152,4,False,123,1,19,1,6.47,3,1,4,19,3,19,1,0,4,369.42,4,False
1,'2008-09-08 19:16:51',3123,1,True,1107,1,177,1,6.25,1,10,1,17.7,1,36,1,0.01,1,3012.113,1,False
6,'2008-09-08 22:01:21',118,1,True,22,6,6,6,3.67,6,1,4,6,1,6,6,0,1,-1.45,1,False
6,'2008-09-08 22:01:27',124,2,False,94,4,19,4,4.95,5,1,5,19,3,19,4,0,2,251.42,3,False
6,'2008-09-08 22:08:22',539,3,False,88,5,17,5,5.18,4,1,6,17,4,17,5,0,3,179.84,2,False
6,'2008-09-09 13:38:55',56372,4,False,357,2,54,2,6.61,1,4,1,13.5,6,23,2,0,4,674.075,5,False
6,'2011-10-12 03:10:40',97477877,5,False,175,3,31,3,5.65,3,2,3,15.5,5,20,3,0,5,497.855,4,False
6,'2011-12-10 21:54:28',102642905,6,False,450,1,77,1,5.84,2,3,2,25.67,2,45,1,0,6,1304.2213,6,False
3,'2008-09-09 08:32:22',2546,1,True,320,3,55,3,5.82,2,6,2,9.17,1,15,3,0,1,931.9863,1,False
3,'2010-04-02 09:08:45',49252729,2,False,407,2,77,2,5.29,3,4,3,19.25,2,37,2,0,2,1112.9175,2,False
3,'2011-11-30 22:02:25',101743949,3,False,1773,1,288,1,6.16,1,16,1,18,3,39,1,0.03,3,4864.83,3,False
9,'2008-09-09 17:13:12',180,1,True,85,8,15,8,5.67,6,2,4,7.5,1,11,8,0,1,211.535,2,False
9,'2008-09-09 17:14:15',243,2,False,227,3,39,3,5.82,5,3,2,13,8,18,4,0,2,614.88,7,False
9,'2008-09-09 17:14:57',285,3,False,148,5,21,5,7.05,2,1,5,21,4,21,3,0,3,382,5,True
9,'2008-09-09 17:17:40',448,4,False,110,7,18,6,6.11,4,1,6,18,6,18,5,0,4,310.03,4,False
9,'2008-09-09 17:22:47',755,5,False,186,4,34,4,5.47,8,3,3,11.33,9,15,7,0,5,437.2287,6,False
9,'2008-09-09 17:31:15',1263,6,False,113,6,17,7,6.65,3,1,7,17,7,17,6,0,6,274.24,3,False
9,'2008-09-09 17:32:25',1333,7,False,900,1,164,1,5.49,7,9,1,18.22,5,53,1,0.01,9,2481.3158,9,False
9,'2008-10-17 15:56:51',3278799,8,False,29,9,7,9,4.14,9,1,8,7,2,7,9,0,7,57.94,1,False
9,'2010-07-01 20:28:40',57035908,9,False,390,2,51,2,7.65,1,1,9,51,3,51,2,0,8,1113.5,8,True
3,'2008-09-09 19:37:17',263,1,False,63,3,13,3,4.85,3,1,2,13,2,13,3,0,1,166.48,1,False
3,'2008-09-09 19:38:10',316,2,True,95,2,17,2,5.59,1,1,3,17,1,17,2,0,2,179.84,2,False
3,'2008-09-09 19:39:41',407,3,False,373,1,72,1,5.18,2,7,1,10.29,3,20,1,0,3,826.2231,3,False
5,'2008-09-10 06:07:50',2344,1,False,198,3,25,3,7.92,3,1,2,25,2,25,3,0,1,395.36,3,False
5,'2008-09-10 08:04:33',9347,2,True,149,4,18,4,8.28,2,1,3,18,5,18,4,0,2,310.03,2,False
5,'2008-09-10 16:47:45',40739,3,False,307,2,35,2,8.77,1,1,4,35,1,35,1,0,3,635.26,4,False
5,'2010-07-14 06:04:05',58062919,4,False,45,5,2,5,22.5,5,1,5,2,4,2,5,0,4,79.59,1,False
5,'2014-01-28 07:58:18',169871372,5,False,571,1,88,1,6.49,4,4,1,22,3,32,2,0,5,1562.39,5,False
7,'2008-09-10 11:48:00',414,1,False,391,6,73,5,5.36,7,5,4,14.6,6,30,5,0,1,1028.504,3,False
7,'2008-09-10 11:53:44',758,2,False,882,1,155,1,5.69,5,6,2,25.83,2,59,1,0,2,2460.6837,7,False
7,'2008-09-10 11:55:54',888,3,True,402,5,67,6,6,3,4,6,16.75,4,36,3,0,3,970.3425,2,False
7,'2008-09-10 12:09:43',1717,4,False,299,7,46,7,6.5,1,2,7,23,3,36,4,0,4,901.98,1,False
7,'2008-09-10 12:36:44',3338,5,False,794,2,147,2,5.4,6,5,5,29.4,1,49,2,0.01,7,2108.076,6,False
7,'2008-10-24 02:22:07',3768061,6,False,461,4,79,4,5.84,4,6,3,13.17,7,26,6,0,5,1299.3463,4,False
7,'2008-10-24 02:45:36',3769470,7,False,698,3,115,3,6.07,2,7,1,16.43,5,22,7,0,6,1937.8177,5,False
8,'2008-09-10 16:21:28',91,1,True,441,3,65,3,6.78,2,3,2,21.67,4,43,2,0,1,1267.2613,6,False
8,'2008-09-10 16:26:44',407,2,False,87,8,14,8,6.21,5,2,3,7,1,9,8,0,2,211.34,1,False
8,'2012-03-08 16:46:47',110161610,3,False,257,4,32,4,8.03,1,2,4,16,6,20,5,0,3,722.25,5,False
8,'2012-08-04 09:47:17',123010040,4,False,157,5,15,6,10.47,7,1,6,15,7,15,6,0,4,462.26,4,False
8,'2012-10-24 19:03:25',130041808,5,False,506,2,84,2,6.02,6,2,5,42,2,67,1,0,5,1298.79,7,False
8,'2012-12-02 09:46:36',133377999,6,False,144,7,23,5,6.26,4,1,7,23,3,23,4,0,6,418.18,3,False
8,'2013-10-28 19:02:56',161923379,7,False,577,1,91,1,6.34,3,5,1,18.2,5,26,3,0,7,1714.308,8,False
8,'2013-11-20 09:53:59',163877642,8,False,157,6,15,7,10.47,8,1,8,15,8,15,7,0,8,415.06,2,False
6,'2008-09-10 18:52:28',715,1,False,248,6,49,6,5.06,6,3,5,16.33,4,20,5,0,1,734.1787,1,False
6,'2008-09-10 18:56:52',979,2,True,796,2,141,2,5.65,5,8,2,17.62,2,31,3,0,2,2233.2818,5,False
6,'2008-09-10 19:09:28',1735,3,False,844,1,145,1,5.82,4,12,1,12.08,6,50,2,0,3,2254.7212,6,False
6,'2008-09-10 19:15:34',2101,4,False,508,3,86,3,5.91,2,5,3,17.2,3,27,4,0,4,1442.518,4,False
6,'2008-09-10 20:22:03',6090,5,False,431,5,68,5,6.34,1,5,4,13.6,5,20,6,0,5,1110.714,3,False
6,'2008-09-15 18:02:17',429704,6,False,502,4,85,4,5.91,3,3,6,28.33,1,61,1,0,6,951.2587,2,True
4,'2008-09-11 19:53:27',64,1,False,80,4,15,4,5.33,4,1,4,15,3,15,4,0,1,202.66,1,False
4,'2008-09-11 19:53:48',85,2,False,409,2,65,2,6.29,2,3,2,21.67,1,26,2,0,2,1208.2613,4,False
4,'2008-09-11 20:01:07',524,3,True,431,1,68,1,6.34,1,5,1,13.6,4,22,3,0,3,969.114,3,True
4,'2008-09-11 20:08:46',983,4,False,198,3,37,3,5.35,3,2,3,18.5,2,28,1,0,4,487.225,2,False
6,'2008-09-13 06:53:20',327,1,True,700,4,111,3,6.31,3,7,2,15.86,5,25,4,0,1,2031.9954,4,False
6,'2008-09-13 07:32:14',2661,2,False,428,5,65,5,6.58,2,4,3,16.25,4,19,5,0,2,1335.9475,2,False
6,'2008-09-15 09:40:51',183178,3,False,1723,1,120,2,14.36,6,1,6,120,6,120,1,0.01,5,5294.01,6,False
6,'2009-01-23 18:40:22',11447549,4,False,861,2,143,1,6.02,4,8,1,17.88,3,41,3,0.01,6,2233.3832,5,False
6,'2009-03-19 18:27:36',16198783,5,False,710,3,102,4,6.96,1,4,4,25.5,1,44,2,0,3,2023.955,3,False
6,'2009-03-19 19:01:28',16200815,6,False,187,6,36,6,5.19,5,2,5,18,2,18,6,0,4,534.23,1,False
1,'2008-09-14 01:30:59',4914,1,True,678,1,126,1,5.38,1,4,1,31.5,1,45,1,0.01,1,1884.695,1,False
6,'2008-09-14 03:22:12',281,1,False,323,5,46,5,7.02,2,4,5,11.5,6,23,5,0,1,944.695,2,False
6,'2008-09-14 03:44:41',1630,2,False,878,4,133,4,6.6,3,7,4,19,2,39,3,0,2,2552.42,3,True
6,'2008-09-14 04:39:28',4917,3,False,1303,2,212,2,6.15,5,10,3,21.2,1,60,1,0.01,4,3497.278,5,False
6,'2008-09-14 04:42:56',5125,4,False,2204,1,367,1,6.01,6,21,1,17.48,3,46,2,0.02,6,6162.6272,6,False
6,'2008-09-14 06:48:45',12674,5,True,909,3,144,3,6.31,4,11,2,13.09,4,25,4,0.01,5,2644.5151,4,False
6,'2010-07-09 22:42:52',57353121,6,False,183,6,26,6,7.04,1,2,6,13,5,18,6,0,3,603.08,1,False
4,'2008-09-15 02:04:00',455,1,False,511,3,91,3,5.62,3,5,4,18.2,1,25,3,0,1,1360.308,2,False
4,'2008-09-15 02:06:57',632,2,False,379,4,69,4,5.49,4,6,3,11.5,4,21,4,0,2,968.295,1,False
4,'2008-09-15 03:21:17',5092,3,True,728,2,128,2,5.69,2,8,2,16,2,38,2,0,3,2032.05,3,False
4,'2008-09-15 16:45:16',53331,4,False,1041,1,173,1,6.02,1,12,1,14.42,3,46,1,0,4,3022.6338,4,False
5,'2008-09-15 13:52:24',154,1,False,155,4,9,5,17.22,5,1,5,9,2,9,5,0,1,412.72,2,True
5,'2008-09-15 13:53:49',239,2,False,104,5,19,4,5.47,4,2,4,9.5,1,15,4,0,2,294.915,1,False
5,'2008-09-15 13:59:24',574,3,False,351,3,63,3,5.57,3,7,2,9,3,18,3,0,3,967.32,3,False
5,'2008-09-15 14:55:59',3969,4,False,434,2,76,2,5.71,2,3,3,25.33,4,35,2,0,4,1233.2887,4,False
5,'2012-08-03 02:33:55',122474645,5,False,1309,1,192,1,6.82,1,10,1,19.2,5,55,1,0.01,5,4003.898,5,False
11,'2008-09-15 16:48:07',181,1,False,118,10,12,10,9.83,1,1,6,12,11,12,10,0,1,213.29,2,False
11,'2008-09-15 16:48:28',202,2,True,86,11,9,11,9.56,2,2,1,4.5,4,7,11,0,2,80.565,1,False
11,'2008-09-15 16:49:53',287,3,False,175,9,19,9,9.21,3,2,2,9.5,1,18,8,0,3,401.115,3,True
11,'2008-09-15 16:50:11',305,4,False,205,7,28,8,7.32,5,1,7,28,7,28,6,0,4,408.33,4,False
11,'2008-09-15 16:51:02',356,5,False,337,2,50,2,6.74,7,2,3,25,8,40,3,0,5,772.96,9,False
11,'2008-09-15 16:54:58',592,6,False,201,8,32,6,6.28,9,2,4,16,10,22,7,0,6,509.85,5,False
11,'2008-09-15 16:55:31',625,7,False,311,4,31,7,10.03,11,1,8,31,6,31,5,0,7,716.3,8,False
11,'2008-09-15 17:02:48',1062,8,False,287,5,35,4,8.2,4,1,9,35,5,35,4,0,8,564.46,6,False
11,'2008-09-15 17:14:16',1750,9,False,235,6,35,5,6.71,8,2,5,17.5,9,18,9,0,9,604.835,7,False
11,'2008-09-16 14:26:23',78077,10,False,329,3,48,3,6.85,6,1,10,48,3,48,2,0,10,840.93,10,False
11,'2014-05-02 01:57:56',177498770,11,False,576,1,55,1,10.47,10,1,11,55,2,55,1,0,11,1020.66,11,False
5,'2008-09-15 19:43:56',734,1,False,147,4,25,4,5.88,2,2,3,12.5,4,17,4,0,1,437.685,2,False
5,'2008-09-15 19:44:23',761,2,True,125,5,24,5,5.21,5,2,4,12,5,15,5,0,2,331.29,1,False
5,'2008-09-15 20:00:59',1757,3,False,244,3,34,3,7.18,1,2,5,17,3,26,3,0,3,557.44,3,False
5,'2008-09-15 20:07:39',2157,4,False,461,1,87,1,5.3,4,3,1,29,1,35,2,0,4,1270.12,5,False
5,'2008-09-15 22:35:35',11033,5,False,369,2,64,2,5.77,3,3,2,21.33,2,39,1,0,5,972.1287,4,False
3,'2008-09-15 20:23:44',352,1,False,119,3,19,3,6.26,3,2,1,9.5,1,15,3,0,1,306.715,1,False
3,'2008-09-15 20:25:24',452,2,True,387,2,41,2,9.44,2,1,2,41,3,41,2,0,2,1133.2,2,False
3,'2008-09-15 20:45:40',1668,3,False,492,1,52,1,9.46,1,1,3,52,2,52,1,0,3,1444.29,3,False
2,'2008-09-15 23:49:00',1824,1,True,1038,1,91,2,11.41,2,1,2,91,1,91,1,0,1,2297.3,2,True
2,'2008-09-16 02:38:13',11977,2,False,648,2,103,1,6.29,1,3,1,34.33,2,67,2,0,2,1944.7987,1,False
6,'2008-09-16 06:26:37',1434,1,False,557,4,97,4,5.74,5,4,3,24.25,4,39,4,0,1,1657.6675,3,False
6,'2008-09-16 06:30:36',1673,2,False,642,3,100,3,6.42,2,3,4,33.33,1,57,1,0,2,1838.2087,4,False
6,'2008-09-16 06:33:57',1874,3,False,351,6,59,5,5.95,4,2,5,29.5,2,56,2,0,3,975.315,1,False
6,'2008-09-16 06:39:39',2216,4,False,429,5,53,6,8.09,1,2,6,26.5,3,33,5,0,4,1186.545,2,True
6,'2008-09-16 06:47:33',2690,5,False,729,2,129,2,5.65,6,10,1,12.9,6,22,6,0.01,5,1936.441,5,False
6,'2008-09-16 08:35:29',9166,6,True,1104,1,175,1,6.31,3,9,2,19.44,5,49,3,0.01,6,2989.1916,6,False
21,'2008-09-16 13:35:06',239,1,False,664,5,105,7,6.32,5,5,7,21,8,43,5,0,1,1408.6,14,False
21,'2008-09-16 13:35:41',274,2,False,105,16,12,19,8.75,1,2,13,6,3,8,20,0,2,222.75,3,True
21,'2008-09-16 13:36:44',337,3,False,336,10,53,10,6.34,4,3,10,17.67,9,31,9,0,3,899.9013,12,True
21,'2008-09-16 13:37:49',402,4,False,103,17,20,16,5.15,19,2,14,10,20,13,17,0,4,247.91,5,False
21,'2008-09-16 13:39:18',491,5,False,234,11,38,12,6.16,9,3,11,12.67,17,29,10,0,5,626.5513,10,False
21,'2008-09-16 13:40:16',549,6,False,88,19,17,17,5.18,18,1,17,17,13,17,14,0,6,238.84,4,False
21,'2008-09-16 13:41:55',648,7,False,164,14,26,14,6.31,6,3,12,8.67,1,10,18,0,7,447.9913,8,False
21,'2008-09-16 16:13:05',9718,8,True,775,4,135,4,5.74,12,12,2,11.25,18,29,11,0,8,2148.1975,18,False
21,'2008-09-16 18:25:13',17646,9,False,225,12,42,11,5.36,15,1,18,42,5,42,6,0,9,673.39,11,False
21,'2008-09-16 21:08:37',27450,10,False,422,9,67,9,6.3,7,6,6,11.17,19,20,12,0,10,1121.5663,13,False
21,'2008-09-16 23:38:11',36424,11,False,1039,3,194,3,5.36,16,11,3,17.64,10,38,7,0.01,18,3094.6896,19,False
21,'2008-09-17 05:13:21',56534,12,False,27,21,5,21,5.4,14,1,19,5,4,5,21,0,11,33.56,1,False
21,'2009-01-23 13:30:59',11145592,13,False,1752,2,280,2,6.26,8,7,4,40,6,94,1,0.02,20,4873.41,20,False
21,'2009-09-24 14:31:54',32230847,14,False,166,13,26,15,6.38,3,2,15,13,16,16,16,0,12,485.08,9,False
21,'2010-10-10 23:38:17',65182030,15,False,49,20,10,20,4.9,21,1,20,10,21,10,19,0,13,106.31,2,False
21,'2010-10-11 02:59:14',65194087,16,False,652,6,118,6,5.53,13,5,8,23.6,7,47,4,0,14,1787.214,17,False
21,'2010-10-14 15:52:28',65499681,17,False,568,8,86,8,6.6,2,5,9,17.2,12,33,8,0,15,1572.318,16,False
21,'2010-12-01 08:03:13',69618726,18,False,100,18,17,18,5.88,11,1,21,17,14,17,15,0,16,262.44,6,False
21,'2010-12-01 08:31:20',69620413,19,False,158,15,30,13,5.27,17,2,16,15,15,19,13,0,17,438.66,7,False
21,'2011-07-25 12:42:37',90025890,20,False,623,7,123,5,5.07,20,7,5,17.57,11,63,2,0.01,19,1466.2623,15,False
21,'2011-11-29 13:02:03',100999856,21,False,17240,1,2883,1,5.98,10,376,1,7.67,2,63,3,2.09,21,48107.8013,21,False
12,'2008-09-16 14:02:01',107,1,False,283,11,52,9,5.44,11,5,5,10.4,12,17,11,0,1,696.466,3,False
12,'2008-09-16 14:05:25',311,2,False,706,3,125,2,5.65,9,4,7,31.25,4,44,5,0,2,2014.3975,10,False
12,'2008-09-16 14:06:52',398,3,False,612,6,110,5,5.56,10,6,2,18.33,9,28,7,0,3,1832.3587,8,False
12,'2008-09-16 14:07:37',443,4,False,868,2,121,3,7.17,1,6,3,20.17,8,31,6,0,4,2139.8763,11,False
12,'2008-09-16 14:08:46',512,5,False,426,8,80,7,5.33,12,6,4,13.33,11,27,9,0,5,1169.6087,5,False
12,'2008-09-16 14:09:47',573,6,False,293,10,49,11,5.98,7,5,6,9.8,1,17,12,0,6,790.632,4,False
12,'2008-09-16 14:13:53',819,7,True,659,4,112,4,5.88,8,3,9,37.33,3,63,2,0,7,1898.7687,9,False
12,'2008-09-16 14:22:23',1329,8,False,328,9,50,10,6.56,4,2,10,25,5,28,8,0,8,536.96,2,False
12,'2008-09-16 14:29:27',1753,9,False,976,1,152,1,6.42,5,7,1,21.71,7,72,1,0,9,2270.2769,12,False
12,'2008-09-16 14:43:59',2625,10,False,115,12,18,12,6.39,6,1,12,18,10,18,10,0,10,321.83,1,False
12,'2008-09-16 15:17:15',4621,11,False,617,5,91,6,6.78,2,4,8,22.75,6,49,3,0,11,1574.4825,7,False
12,'2008-09-16 15:29:25',5351,12,False,535,7,80,8,6.69,3,2,11,40,2,49,4,0,12,1392.41,6,False
2,'2008-09-16 14:15:07',681,1,True,345,1,62,1,5.56,2,4,1,15.5,2,21,2,0,1,969.855,2,False
2,'2008-09-17 03:18:13',47667,2,False,143,2,25,2,5.72,1,1,2,25,1,25,1,0,2,442.56,1,False
1,'2008-09-16 18:46:45',11932,1,True,247,1,47,1,5.26,1,1,1,47,1,47,1,0,1,757.94,1,False
7,'2008-09-17 02:45:46',464,1,False,117,7,11,7,10.64,7,1,5,11,5,11,7,0,1,342.7,1,False
7,'2008-09-17 02:47:45',583,2,False,147,6,25,5,5.88,5,1,6,25,2,25,3,0,2,430.76,2,False
7,'2008-09-17 02:53:15',913,3,True,274,3,31,4,8.84,1,3,3,10.33,7,15,5,0,3,814.4387,5,False
7,'2008-09-17 03:00:45',1363,4,False,227,4,33,3,6.88,3,1,7,33,1,33,1,0,4,622.68,4,False
7,'2008-09-17 03:14:44',2202,5,False,366,2,54,2,6.78,4,4,2,13.5,4,17,4,0,5,957.275,6,False
7,'2008-09-17 10:03:31',26729,6,False,161,5,21,6,7.67,2,2,4,10.5,6,13,6,0,6,436.905,3,False
7,'2008-09-19 16:28:51',222649,7,False,722,1,126,1,5.73,6,6,1,21,3,33,2,0,7,1986.8,7,False
3,'2008-09-17 04:44:44',6611,1,False,825,1,141,1,5.85,2,9,1,15.67,2,36,1,0.01,3,2315.1213,3,False
3,'2008-09-18 17:35:31',139258,2,False,295,3,44,3,6.7,1,4,2,11,3,17,3,0,1,720.3,1,False
3,'2008-09-19 16:57:22',223369,3,False,388,2,74,2,5.24,3,4,3,18.5,1,25,2,0,2,1065.425,2,False
4,'2008-09-17 16:25:23',57,1,False,116,3,16,4,7.25,1,2,1,8,1,8,4,0,1,306.13,2,False
4,'2008-09-17 16:25:51',85,2,False,127,2,25,2,5.08,3,1,3,25,3,25,2,0,2,324.56,3,False
4,'2008-09-17 16:26:54',148,3,True,88,4,18,3,4.89,4,1,4,18,4,18,3,0,3,192.03,1,False
4,'2008-09-17 16:30:30',364,4,False,434,1,63,1,6.89,2,2,2,31.5,2,33,1,0,4,1200.295,4,False
2,'2008-09-17 17:21:54',309,1,True,577,1,88,1,6.56,2,2,1,44,1,71,1,0,1,1441.17,2,False
2,'2008-09-17 18:12:18',3333,2,False,424,2,50,2,8.48,1,2,2,25,2,34,2,0,2,879.16,1,False
3,'2008-09-17 18:32:56',435,1,True,701,1,98,1,7.15,3,6,1,16.33,3,32,2,0,1,1949.5787,3,False
3,'2008-09-17 18:54:22',1721,2,False,465,2,55,2,8.45,2,3,2,18.33,2,41,1,0,2,1041.7587,1,False
3,'2012-03-06 16:35:11',109375770,3,False,379,3,42,3,9.02,1,2,3,21,1,22,3,0,3,1054.6,2,False
11,'2008-09-18 03:57:43',130,1,False,201,4,34,5,5.91,4,3,3,11.33,10,17,6,0,1,567.0287,8,False
11,'2008-09-18 03:58:58',205,2,False,60,7,6,9,10,11,1,6,6,2,6,9,0,2,151.95,5,True
11,'2008-09-18 04:00:11',278,3,False,31,11,4,11,7.75,1,1,7,4,4,4,11,0,3,33.17,1,True
11,'2008-09-18 04:00:35',302,4,False,559,1,85,1,6.58,2,6,1,14.17,8,23,3,0,4,1594.7363,11,False
11,'2008-09-18 04:02:31',418,5,False,52,8,10,7,5.2,7,1,8,10,11,10,7,0,5,141.71,4,False
11,'2008-09-18 04:24:34',1741,6,True,260,3,50,3,5.2,8,3,4,16.67,7,32,1,0,6,734.3113,9,False
11,'2008-09-18 05:27:50',5537,7,False,368,2,69,2,5.33,6,6,2,11.5,9,24,2,0,7,1015.495,10,False
11,'2008-09-22 19:04:15',400122,8,False,182,5,37,4,4.92,10,2,5,18.5,5,22,4,0,8,463.625,7,False
11,'2011-06-17 12:18:14',86602961,9,False,100,6,18,6,5.56,5,1,9,18,6,18,5,0,9,262.83,6,False
11,'2012-01-03 17:10:22',103900489,10,False,35,10,7,8,5,9,1,10,7,1,7,8,0,10,93.34,2,False
11,'2012-05-11 08:15:35',115014002,11,False,39,9,6,10,6.5,3,1,11,6,3,6,10,0,11,104.75,3,False
1,'2008-09-18 06:43:23',1441,1,True,731,1,127,1,5.76,1,2,1,63.5,1,74,1,0,1,2026.975,1,False
4,'2008-09-18 09:40:00',512,1,False,149,4,28,4,5.32,4,2,4,14,3,17,4,0,1,461.87,1,False
4,'2008-09-18 09:43:38',730,2,False,409,3,64,3,6.39,1,4,3,16,2,22,3,0,2,1194.25,2,False
4,'2008-09-18 09:44:07',759,3,True,607,1,112,1,5.42,3,8,1,14,4,39,1,0,3,1689.07,4,False
4,'2009-11-16 14:48:43',36652635,4,False,567,2,102,2,5.56,2,6,2,17,1,37,2,0,4,1572.24,3,False
5,'2008-09-18 09:42:03',555,1,False,232,4,34,3,6.82,3,2,3,17,3,22,4,0,1,663.64,3,False
5,'2008-09-18 09:42:41',593,2,True,672,2,95,2,7.07,2,6,2,15.83,4,31,2,0,2,1595.3837,4,False
5,'2008-09-18 09:45:02',734,3,False,181,5,25,5,7.24,1,2,4,12.5,5,15,5,0,3,496.685,1,False
5,'2008-09-18 11:15:48',6180,4,False,1061,1,173,1,6.13,4,7,1,24.71,2,49,1,0.01,5,3180.0469,5,False
5,'2013-03-08 09:11:02',141003494,5,False,311,3,29,4,10.72,5,1,5,29,1,29,3,0,4,562.12,2,False
6,'2008-09-18 11:18:59',169,1,False,190,6,40,4,4.75,6,1,5,40,1,40,3,0,1,495.61,1,False
6,'2008-09-18 11:19:47',217,2,True,850,1,154,1,5.52,4,7,1,22,5,38,4,0.01,6,2128.79,6,False
6,'2008-09-18 11:19:51',221,3,False,192,4,30,5,6.4,1,2,3,15,6,16,6,0,2,533.06,2,False
6,'2008-09-18 11:20:13',243,4,False,191,5,30,6,6.37,2,1,6,30,3,30,5,0,3,550.71,3,True
6,'2008-09-18 11:33:12',1022,5,False,434,2,80,2,5.42,5,3,2,26.67,4,53,1,0,4,1186.6113,4,False
6,'2008-09-18 18:59:11',27781,6,False,411,3,69,3,5.96,3,2,4,34.5,2,48,2,0,5,1201.465,5,False
4,'2008-09-18 14:44:48',147,1,True,112,4,17,4,6.59,1,1,4,17,1,17,4,0,1,274.24,1,False
4,'2008-09-18 14:47:18',297,2,False,637,2,102,1,6.25,2,6,1,17,2,26,2,0,2,1879.04,3,False
4,'2008-09-18 17:43:12',10851,3,False,261,3,43,3,6.07,3,3,2,14.33,4,22,3,0,3,768.7987,2,False
4,'2010-09-28 14:17:14',63934493,4,False,715,1,51,2,14.02,4,3,3,17,3,27,1,0,4,2362.84,4,False
26,'2008-09-18 18:35:52',36,1,False,30,26,4,25,7.5,5,1,16,4,6,4,25,0,1,92.17,2,False
26,'2008-09-18 18:37:19',123,2,False,39,25,3,26,13,25,1,17,3,9,3,26,0,2,91.78,1,False
26,'2008-09-18 18:40:20',304,3,False,162,15,21,18,7.71,4,1,18,21,15,21,11,0,3,476.4,11,False
26,'2008-09-18 18:42:48',452,4,False,272,9,22,16,12.36,26,2,11,11,24,14,18,0,4,543.3,15,True
